Timestamp,Electricity_kWh,Water_Litres,Outdoor_Temp_C,Humidity_Pct,Pressure_PSI,Thermal_Temp_C,Vibration_mm_s,Is_Anomaly
2026-06-01 00:00:00,2259.61,3309.9,31.1,53.6,43.78,66.87,2.33,0
2026-06-01 00:15:00,2183.41,3238.7,26.0,65.4,43.22,68.89,2.42,0
2026-06-01 00:30:00,2277.72,3108.94,30.2,76.2,45.26,69.76,2.27,0
2026-06-01 00:45:00,2382.76,3002.96,26.7,46.2,40.72,62.97,2.61,0
2026-06-01 01:00:00,2171.9,3204.73,37.1,66.1,44.01,68.38,2.84,0
2026-06-01 01:15:00,2171.9,3159.02,39.2,62.7,43.88,68.8,1.98,0
2026-06-01 01:30:00,2389.51,3234.28,26.1,46.5,41.33,67.71,2.62,0
2026-06-01 01:45:00,2292.09,3195.28,39.3,68.1,43.71,71.63,2.42,0
2026-06-01 02:00:00,2143.66,3257.43,32.8,52.3,42.9,69.45,2.53,0
2026-06-01 02:15:00,2265.11,3019.71,29.5,62.0,42.23,71.68,2.64,0
2026-06-01 02:30:00,2144.39,3297.61,26.2,43.7,41.51,67.86,2.44,0
2026-06-01 02:45:00,2144.11,3129.64,32.5,60.7,41.64,70.74,2.47,0
2026-06-01 03:00:00,2229.04,3411.29,36.9,53.8,44.96,72.49,2.44,0
2026-06-01 03:15:00,1970.41,2996.62,35.6,77.0,42.5,71.68,2.79,0
2026-06-01 03:30:00,1993.01,3360.39,25.8,42.6,43.44,65.67,2.63,0
2026-06-01 03:45:00,2132.53,3129.69,26.1,58.8,41.55,67.77,2.57,0
2026-06-01 04:00:00,2078.46,3002.29,31.0,60.6,41.56,67.54,2.12,0
2026-06-01 04:15:00,2237.71,3027.42,29.4,72.6,43.8,69.62,2.39,0
2026-06-01 04:30:00,2091.04,3051.95,28.5,65.8,40.88,70.12,2.77,0
2026-06-01 04:45:00,2030.52,3163.62,29.2,70.0,42.0,66.3,2.51,0
2026-06-01 05:00:00,2375.88,3178.43,37.1,75.0,42.54,68.57,2.7,0
2026-06-01 05:15:00,2172.91,3013.94,38.9,78.8,42.63,63.35,3.03,0
2026-06-01 05:30:00,2208.1,3096.35,31.1,54.1,42.29,72.0,2.81,0
2026-06-01 05:45:00,2029.03,3421.34,38.6,64.2,42.97,67.12,2.53,0
2026-06-01 06:00:00,2134.67,3359.13,29.8,77.8,43.33,68.54,2.35,0
2026-06-01 06:15:00,2213.31,3165.45,32.1,84.5,43.38,67.63,1.73,0
2026-06-01 06:30:00,2061.88,3105.7,28.4,80.0,41.32,71.27,2.45,0
2026-06-01 06:45:00,2245.08,3118.0,34.6,56.7,42.16,61.31,2.4,0
2026-06-01 07:00:00,2127.92,3192.03,39.7,48.8,43.93,68.36,2.62,0
2026-06-01 07:15:00,2165.0,2946.58,34.1,62.0,43.57,68.14,2.45,0
2026-06-01 07:30:00,2127.8,3061.39,30.4,73.4,40.85,67.27,2.4,0
2026-06-01 07:45:00,2422.27,2849.71,34.7,62.2,42.92,72.72,1.97,0
2026-06-01 08:00:00,2198.38,3159.88,26.8,61.7,40.13,66.18,2.22,0
2026-06-01 08:15:00,2073.07,3197.08,38.3,77.7,42.56,70.33,2.64,0
2026-06-01 08:30:00,2298.71,3027.52,32.5,56.3,44.78,69.29,3.01,0
2026-06-01 08:45:00,3285.6,6171.78,31.7,78.7,26.5,102.5,8.7,1
2026-06-01 09:00:00,2225.06,2916.14,33.8,58.3,41.5,66.73,2.6,0
2026-06-01 09:15:00,1964.84,2880.34,34.4,54.8,43.42,66.57,2.79,0
2026-06-01 09:30:00,2040.62,3133.67,26.1,60.4,40.65,71.14,2.26,0
2026-06-01 09:45:00,2223.62,3257.06,35.2,74.3,41.74,69.46,2.61,0
2026-06-01 10:00:00,2288.62,3352.59,28.6,45.7,43.22,64.54,2.28,0
2026-06-01 10:15:00,2220.56,3031.17,35.7,48.8,41.74,67.05,2.76,0
2026-06-01 10:30:00,2186.12,3261.8,37.3,82.8,42.22,69.37,2.55,0
2026-06-01 10:45:00,2163.87,3094.22,37.1,47.9,43.39,70.49,2.59,0
2026-06-01 11:00:00,2022.58,3074.11,33.3,65.5,43.01,66.7,2.27,0
2026-06-01 11:15:00,2113.62,3232.55,32.8,66.1,42.82,61.11,2.71,0
2026-06-01 11:30:00,2144.72,3197.85,27.1,62.0,42.09,69.71,3.13,0
2026-06-01 11:45:00,2326.85,2863.54,36.6,69.0,42.94,65.35,2.2,0
2026-06-01 12:00:00,2241.23,3321.48,29.1,50.3,42.35,63.36,2.4,0
2026-06-01 12:15:00,1988.44,3307.01,32.5,64.9,43.05,61.32,2.57,0
2026-06-01 12:30:00,2238.89,3006.17,29.3,56.7,41.9,70.43,2.74,0
2026-06-01 12:45:00,2153.79,3159.37,27.0,69.8,42.28,68.72,2.33,0
2026-06-01 13:00:00,2118.77,3174.1,34.4,46.4,41.31,67.84,1.65,0
2026-06-01 13:15:00,2273.4,3139.1,25.8,65.7,42.46,71.87,2.91,0
2026-06-01 13:30:00,2323.72,3017.45,36.2,48.3,41.53,69.99,2.73,0
2026-06-01 13:45:00,2311.75,2999.26,29.8,52.5,41.16,72.44,1.98,0
2026-06-01 14:00:00,2099.29,3096.17,25.0,49.8,42.81,64.92,2.32,0
2026-06-01 14:15:00,2162.89,3275.91,32.7,48.2,42.76,68.31,2.97,0
2026-06-01 14:30:00,2239.75,3181.54,25.7,77.2,43.44,64.36,2.93,0
2026-06-01 14:45:00,2317.07,3044.41,29.1,52.9,41.98,67.83,2.78,0
2026-06-01 15:00:00,2142.5,3215.75,35.6,81.7,42.99,67.78,2.45,0
2026-06-01 15:15:00,2177.72,2672.72,25.9,83.6,43.16,69.97,2.52,0
2026-06-01 15:30:00,2067.24,3272.31,37.6,65.7,43.03,68.51,2.46,0
2026-06-01 15:45:00,2056.46,2839.04,25.1,46.4,41.51,69.96,2.84,0
2026-06-01 16:00:00,2297.5,3045.63,28.7,56.9,42.68,70.16,2.24,0
2026-06-01 16:15:00,2362.75,2932.05,36.1,75.9,42.94,73.79,2.26,0
2026-06-01 16:30:00,2191.36,2905.8,29.7,56.5,42.51,67.61,2.8,0
2026-06-01 16:45:00,2320.42,3274.12,26.5,43.9,40.0,66.05,2.49,0
2026-06-01 17:00:00,2243.4,3029.84,30.4,65.1,42.69,69.02,2.91,0
2026-06-01 17:15:00,2122.59,3151.98,29.1,78.0,45.16,66.39,2.3,0
2026-06-01 17:30:00,2243.37,3092.96,37.6,75.8,42.07,72.1,2.48,0
2026-06-01 17:45:00,2384.56,3171.56,29.7,47.9,41.63,67.69,2.22,0
2026-06-01 18:00:00,2195.7,3111.52,36.8,70.3,42.95,66.99,2.5,0
2026-06-01 18:15:00,2387.76,2907.55,38.4,49.9,42.87,67.22,2.06,0
2026-06-01 18:30:00,1885.63,3249.44,31.5,49.8,43.93,70.2,2.35,0
2026-06-01 18:45:00,2298.63,3025.94,38.6,79.3,40.99,68.01,2.07,0
2026-06-01 19:00:00,2210.45,2866.51,30.7,51.2,43.38,66.8,2.71,0
2026-06-01 19:15:00,2164.12,3035.78,39.5,51.8,43.21,72.56,2.71,0
2026-06-01 19:30:00,2211.01,3325.11,26.3,40.0,42.33,66.26,1.98,0
2026-06-01 19:45:00,1961.49,3227.53,35.3,79.2,42.91,68.49,2.9,0
2026-06-01 20:00:00,2173.64,3047.7,32.4,75.7,43.74,70.03,3.25,0
2026-06-01 20:15:00,2242.85,3047.61,30.8,68.2,43.55,64.32,2.51,0
2026-06-01 20:30:00,2377.35,3051.75,34.5,73.8,41.13,69.6,2.31,0
2026-06-01 20:45:00,2137.81,3411.51,35.6,46.8,43.48,65.76,3.35,0
2026-06-01 21:00:00,2102.98,3157.29,25.1,60.6,42.42,70.46,2.1,0
2026-06-01 21:15:00,2139.79,3164.51,27.5,55.8,42.59,65.99,2.51,0
2026-06-01 21:30:00,2309.85,3254.54,35.7,44.2,42.59,70.13,2.55,0
2026-06-01 21:45:00,2239.45,3135.82,35.0,61.9,42.32,71.16,2.9,0
2026-06-01 22:00:00,2136.43,3061.14,39.5,81.4,43.93,70.55,2.61,0
2026-06-01 22:15:00,2261.59,3070.55,36.4,41.8,42.4,69.03,2.35,0
2026-06-01 22:30:00,2211.65,3089.26,39.3,53.1,41.16,67.82,2.21,0
2026-06-01 22:45:00,2316.24,3094.42,35.5,49.3,42.03,66.96,2.4,0
2026-06-01 23:00:00,2115.75,3209.14,29.5,50.7,42.71,72.08,2.2,0
2026-06-01 23:15:00,2160.68,3107.79,26.6,80.9,43.98,66.65,2.51,0
2026-06-01 23:30:00,2152.95,3209.9,36.7,61.1,43.22,65.81,2.33,0
2026-06-01 23:45:00,2024.38,3087.89,34.7,61.0,41.48,70.06,2.05,0
2026-06-02 00:00:00,2235.53,3111.8,25.7,74.2,45.48,66.41,2.88,0
2026-06-02 00:15:00,2231.33,2800.27,30.4,47.0,42.82,66.02,2.35,0
2026-06-02 00:30:00,2200.61,3237.45,39.4,61.9,44.03,64.79,2.12,0
2026-06-02 00:45:00,2171.85,3151.97,32.5,59.3,42.32,67.19,2.45,0
2026-06-02 01:00:00,2030.16,3249.7,31.5,66.9,43.14,68.19,2.52,0
2026-06-02 01:15:00,2149.52,2665.56,31.9,85.0,43.51,69.01,1.98,0
2026-06-02 01:30:00,2158.87,3413.26,28.1,74.6,43.96,70.78,2.6,0
2026-06-02 01:45:00,2103.73,3079.06,30.5,57.9,43.77,69.72,2.19,0
2026-06-02 02:00:00,2180.65,3266.23,30.5,77.2,43.55,67.92,3.01,0
2026-06-02 02:15:00,2248.49,2944.01,25.8,47.7,42.12,67.9,2.66,0
2026-06-02 02:30:00,2426.34,3191.92,36.5,41.4,41.81,69.68,2.38,0
2026-06-02 02:45:00,2220.95,2941.99,31.2,49.2,42.9,71.58,2.28,0
2026-06-02 03:00:00,2230.91,3006.43,37.3,55.3,43.62,68.72,2.47,0
2026-06-02 03:15:00,2191.07,3387.1,37.8,63.0,42.23,67.23,2.68,0
2026-06-02 03:30:00,1969.75,3071.4,28.2,67.7,43.78,65.92,2.49,0
2026-06-02 03:45:00,2196.82,3132.61,34.9,81.0,44.24,64.79,2.43,0
2026-06-02 04:00:00,2207.23,3230.51,32.1,62.9,41.4,70.07,2.52,0
2026-06-02 04:15:00,2495.59,3174.35,38.2,62.6,41.5,69.84,2.32,0
2026-06-02 04:30:00,2176.92,3122.56,28.2,42.3,42.33,69.84,2.4,0
2026-06-02 04:45:00,2236.19,3154.74,35.2,41.6,42.87,68.08,1.87,0
2026-06-02 05:00:00,2195.83,3460.51,34.1,64.8,41.87,71.92,2.79,0
2026-06-02 05:15:00,2059.76,3091.36,29.4,59.7,44.12,67.19,2.59,0
2026-06-02 05:30:00,2337.14,3130.16,27.0,77.8,43.01,70.79,2.27,0
2026-06-02 05:45:00,2290.23,3257.6,34.8,47.2,42.55,68.3,3.07,0
2026-06-02 06:00:00,3671.88,6041.78,36.1,41.1,26.5,102.5,8.7,1
2026-06-02 06:15:00,2090.87,3278.05,29.7,60.2,40.92,69.88,2.19,0
2026-06-02 06:30:00,2368.34,3195.81,34.7,50.7,42.84,69.42,2.76,0
2026-06-02 06:45:00,2031.78,2928.55,30.9,42.2,39.94,69.29,2.62,0
2026-06-02 07:00:00,2270.42,3345.01,35.7,72.6,43.72,68.6,2.62,0
2026-06-02 07:15:00,2462.85,2928.05,28.0,45.0,42.31,68.31,2.37,0
2026-06-02 07:30:00,2081.14,3145.4,38.4,67.4,46.39,74.37,2.64,0
2026-06-02 07:45:00,2132.04,2986.86,29.3,52.6,45.27,71.36,2.42,0
2026-06-02 08:00:00,2211.96,3090.38,30.5,47.8,42.28,70.21,2.67,0
2026-06-02 08:15:00,2139.58,3149.31,25.9,57.1,42.37,68.68,1.93,0
2026-06-02 08:30:00,2013.92,3148.2,26.7,76.1,43.69,70.92,2.37,0
2026-06-02 08:45:00,2208.23,3163.29,32.7,57.6,44.54,69.69,3.02,0
2026-06-02 09:00:00,2072.52,3342.06,29.0,73.8,40.53,68.47,2.27,0
2026-06-02 09:15:00,2256.83,3168.03,37.5,45.6,40.36,67.64,2.32,0
2026-06-02 09:30:00,2089.67,3063.38,25.2,74.8,41.75,68.2,2.37,0
2026-06-02 09:45:00,2385.99,3244.61,30.7,50.7,43.2,60.47,2.14,0
2026-06-02 10:00:00,2106.01,3278.42,30.1,70.5,43.1,68.93,1.84,0
2026-06-02 10:15:00,2161.35,2915.86,25.3,65.5,43.78,67.18,2.43,0
2026-06-02 10:30:00,2297.62,3189.61,26.9,81.8,41.06,72.38,2.54,0
2026-06-02 10:45:00,2052.3,3205.18,31.2,57.4,39.72,68.45,2.48,0
2026-06-02 11:00:00,2227.3,3055.37,32.4,43.0,43.53,65.43,2.46,0
2026-06-02 11:15:00,2356.86,3306.36,31.1,40.9,41.51,68.28,2.51,0
2026-06-02 11:30:00,2007.1,3077.49,33.0,77.2,40.08,65.78,2.81,0
2026-06-02 11:45:00,2222.16,3118.84,33.9,63.6,42.67,69.58,2.44,0
2026-06-02 12:00:00,2231.19,3074.04,25.1,74.9,43.45,69.13,2.33,0
2026-06-02 12:15:00,2293.82,3102.34,32.0,50.5,42.35,70.79,2.42,0
2026-06-02 12:30:00,2051.57,2935.56,39.5,55.5,41.95,66.42,2.67,0
2026-06-02 12:45:00,2041.55,2883.99,32.8,41.4,42.31,68.49,2.92,0
2026-06-02 13:00:00,2262.63,3339.18,35.2,83.3,42.06,64.99,2.31,0
2026-06-02 13:15:00,2235.64,2972.96,29.7,70.1,40.88,70.15,2.53,0
2026-06-02 13:30:00,2230.06,2951.29,36.6,82.0,41.64,69.7,2.6,0
2026-06-02 13:45:00,2241.57,2776.99,36.6,51.9,43.13,69.64,2.2,0
2026-06-02 14:00:00,2118.4,3004.16,32.8,67.5,42.89,68.4,2.51,0
2026-06-02 14:15:00,2227.87,2901.54,39.6,70.5,42.7,69.44,2.06,0
2026-06-02 14:30:00,2235.17,3346.3,26.9,54.3,41.31,72.41,1.97,0
2026-06-02 14:45:00,2114.28,3251.47,25.3,78.2,42.28,67.69,2.61,0
2026-06-02 15:00:00,2423.89,2996.78,36.6,82.6,39.89,68.75,2.38,0
2026-06-02 15:15:00,2256.86,3437.87,37.1,79.8,42.71,65.68,2.56,0
2026-06-02 15:30:00,2057.04,3247.26,26.8,73.3,44.21,66.23,2.49,0
2026-06-02 15:45:00,2278.79,3051.28,29.0,52.5,40.73,68.64,2.21,0
2026-06-02 16:00:00,2083.04,2725.09,25.3,52.7,41.8,71.16,2.49,0
2026-06-02 16:15:00,2294.45,3443.64,29.4,83.4,42.89,67.76,2.13,0
2026-06-02 16:30:00,2339.03,2891.56,36.6,40.5,44.0,67.81,2.92,0
2026-06-02 16:45:00,2101.52,2853.19,32.8,72.2,41.96,67.38,2.09,0
2026-06-02 17:00:00,2315.61,3253.39,30.2,71.8,41.67,67.06,2.44,0
2026-06-02 17:15:00,2249.53,3465.96,30.6,68.0,40.14,69.14,2.19,0
2026-06-02 17:30:00,2298.65,3307.64,25.0,84.6,42.62,64.66,2.67,0
2026-06-02 17:45:00,2427.62,3184.59,29.5,54.0,44.95,71.6,2.4,0
2026-06-02 18:00:00,2170.55,3189.21,34.7,55.3,42.83,66.74,2.34,0
2026-06-02 18:15:00,2109.55,3228.01,39.6,43.6,42.47,70.2,2.76,0
2026-06-02 18:30:00,2093.26,3213.84,37.7,59.9,42.89,65.23,2.51,0
2026-06-02 18:45:00,2102.1,3142.18,25.4,51.7,42.49,70.07,2.65,0
2026-06-02 19:00:00,2190.75,3115.63,38.5,55.5,41.52,70.08,2.21,0
2026-06-02 19:15:00,2240.94,3090.61,36.7,77.6,43.49,69.36,2.08,0
2026-06-02 19:30:00,2233.2,2986.91,36.7,82.1,42.77,65.91,2.53,0
2026-06-02 19:45:00,2299.26,3057.9,31.9,48.4,42.52,69.02,2.4,0
2026-06-02 20:00:00,2201.56,2846.06,31.0,56.8,41.33,65.44,2.69,0
2026-06-02 20:15:00,2374.42,3085.25,29.5,81.8,44.06,67.77,2.48,0
2026-06-02 20:30:00,2168.24,2951.71,26.0,42.8,43.3,70.97,2.56,0
2026-06-02 20:45:00,2526.42,2934.46,28.4,44.2,41.84,70.39,2.01,0
2026-06-02 21:00:00,2275.08,3126.98,28.7,47.3,43.7,68.44,3.07,0
2026-06-02 21:15:00,2097.14,3308.8,32.3,66.8,41.9,65.96,2.45,0
2026-06-02 21:30:00,2071.49,3237.75,36.2,46.8,41.56,70.01,2.71,0
2026-06-02 21:45:00,2257.9,2864.42,32.1,83.6,41.59,68.45,2.25,0
2026-06-02 22:00:00,2173.18,2951.56,25.9,60.1,40.37,62.6,2.59,0
2026-06-02 22:15:00,2285.68,3241.12,39.4,62.6,43.07,70.36,2.11,0
2026-06-02 22:30:00,2256.79,2952.63,39.1,51.1,40.3,68.34,2.64,0
2026-06-02 22:45:00,2191.26,3066.31,36.8,61.2,41.03,71.41,2.39,0
2026-06-02 23:00:00,2098.38,3182.51,39.9,69.8,40.01,65.66,2.51,0
2026-06-02 23:15:00,2018.22,2954.75,33.2,73.8,42.4,60.46,2.71,0
2026-06-02 23:30:00,2146.42,3115.81,39.4,73.9,42.32,69.1,2.13,0
2026-06-02 23:45:00,2302.77,2899.9,26.1,66.0,42.11,69.13,2.29,0
2026-06-03 00:00:00,2225.69,3009.79,30.5,80.7,41.25,64.17,2.64,0
2026-06-03 00:15:00,2050.51,3147.97,28.4,76.8,41.09,65.95,3.13,0
2026-06-03 00:30:00,2220.78,2861.05,27.9,74.1,43.06,75.29,2.46,0
2026-06-03 00:45:00,2246.24,3166.07,27.1,42.5,41.84,67.64,2.68,0
2026-06-03 01:00:00,2093.94,3097.05,34.3,40.3,42.88,70.23,2.47,0
2026-06-03 01:15:00,2218.45,3182.87,36.7,49.6,41.44,66.77,3.08,0
2026-06-03 01:30:00,2206.99,3133.59,33.7,69.9,42.72,63.17,1.98,0
2026-06-03 01:45:00,2062.84,3304.62,27.2,58.5,44.06,67.97,2.53,0
2026-06-03 02:00:00,2242.93,3118.78,37.2,58.1,43.2,67.74,2.01,0
2026-06-03 02:15:00,2267.29,3035.59,34.5,79.8,42.01,67.4,1.75,0
2026-06-03 02:30:00,2329.97,3118.34,30.8,80.3,42.81,68.11,2.59,0
2026-06-03 02:45:00,2326.46,3181.49,35.1,80.9,42.21,69.06,2.54,0
2026-06-03 03:00:00,2034.68,3107.33,28.9,54.1,42.51,68.02,2.41,0
2026-06-03 03:15:00,2087.46,3106.09,30.2,71.1,42.11,65.24,2.47,0
2026-06-03 03:30:00,2261.8,2994.7,38.8,52.2,42.3,69.62,3.43,0
2026-06-03 03:45:00,2261.65,3000.56,29.4,48.6,42.75,63.53,2.42,0
2026-06-03 04:00:00,2261.81,2889.61,32.0,48.3,41.31,63.27,2.65,0
2026-06-03 04:15:00,2662.33,3362.44,38.4,55.4,41.28,70.25,2.31,0
2026-06-03 04:30:00,2268.51,2913.42,35.6,59.3,40.83,69.67,2.59,0
2026-06-03 04:45:00,2336.27,2996.06,25.9,77.4,40.58,68.26,2.43,0
2026-06-03 05:00:00,2314.48,2992.24,27.2,45.4,41.04,64.91,2.38,0
2026-06-03 05:15:00,2278.17,3234.24,25.1,73.1,42.69,66.63,3.05,0
2026-06-03 05:30:00,2162.17,3055.76,34.5,63.9,41.43,67.74,2.85,0
2026-06-03 05:45:00,2291.08,3287.16,31.7,53.0,43.12,64.41,2.54,0
2026-06-03 06:00:00,2107.26,2998.98,27.0,62.2,42.54,66.55,1.81,0
2026-06-03 06:15:00,2171.58,3141.85,39.4,53.5,40.14,70.03,2.39,0
2026-06-03 06:30:00,2141.76,2974.7,32.9,66.8,43.29,71.97,3.31,0
2026-06-03 06:45:00,2209.82,3421.77,28.6,59.5,43.47,67.35,2.43,0
2026-06-03 07:00:00,2477.76,2921.86,32.5,47.4,41.31,70.29,2.83,0
2026-06-03 07:15:00,1975.93,3146.47,35.2,45.2,43.0,63.61,2.93,0
2026-06-03 07:30:00,2282.35,3195.07,26.1,64.6,41.47,70.05,2.57,0
2026-06-03 07:45:00,2006.47,3162.07,29.1,80.6,42.62,66.39,2.25,0
2026-06-03 08:00:00,2143.37,3072.21,37.1,55.5,40.98,69.17,1.77,0
2026-06-03 08:15:00,2330.67,3080.53,31.9,73.0,40.35,67.78,2.71,0
2026-06-03 08:30:00,2207.71,3106.57,33.2,69.6,42.04,71.7,2.26,0
2026-06-03 08:45:00,2070.67,3077.95,31.5,81.9,42.35,66.21,2.55,0
2026-06-03 09:00:00,2114.16,3244.58,25.7,76.9,42.02,69.97,2.13,0
2026-06-03 09:15:00,2281.55,3431.58,27.5,65.5,41.08,67.7,2.42,0
2026-06-03 09:30:00,2112.36,3016.38,31.7,69.6,42.02,68.0,2.51,0
2026-06-03 09:45:00,2225.98,2894.53,28.1,80.4,42.82,67.94,2.58,0
2026-06-03 10:00:00,2205.47,3086.76,25.7,58.0,42.45,66.29,2.17,0
2026-06-03 10:15:00,2121.81,3486.96,37.7,54.7,42.72,68.36,2.86,0
2026-06-03 10:30:00,2457.27,2979.45,39.7,40.5,41.7,68.24,2.32,0
2026-06-03 10:45:00,2276.07,3345.87,36.9,77.2,43.91,69.0,2.0,0
2026-06-03 11:00:00,1956.98,3351.66,37.8,76.0,41.09,68.61,2.47,0
2026-06-03 11:15:00,2222.37,3016.96,28.6,44.7,43.09,70.39,2.51,0
2026-06-03 11:30:00,2120.59,3185.35,39.4,66.0,43.92,70.71,2.55,0
2026-06-03 11:45:00,2302.29,3344.26,28.0,60.9,43.08,65.77,2.91,0
2026-06-03 12:00:00,2104.9,3043.13,39.3,45.3,42.26,70.57,2.43,0
2026-06-03 12:15:00,2186.23,3069.46,39.9,84.1,41.87,65.43,2.46,0
2026-06-03 12:30:00,2260.6,3012.75,35.7,49.7,43.74,69.87,2.17,0
2026-06-03 12:45:00,2303.89,2947.79,39.7,43.0,40.79,69.95,2.75,0
2026-06-03 13:00:00,2055.96,3002.61,33.5,66.8,41.34,63.62,2.56,0
2026-06-03 13:15:00,3455.78,5395.36,28.9,73.2,26.5,102.5,8.7,1
2026-06-03 13:30:00,2143.01,3105.11,31.6,41.5,43.99,67.23,1.93,0
2026-06-03 13:45:00,2121.6,2984.5,33.9,69.6,42.96,66.5,2.93,0
2026-06-03 14:00:00,2411.85,3135.07,26.1,64.0,41.34,71.78,2.13,0
2026-06-03 14:15:00,2248.6,2866.62,34.3,44.6,42.13,66.77,2.32,0
2026-06-03 14:30:00,2048.69,3149.63,39.7,47.8,41.76,66.38,2.61,0
2026-06-03 14:45:00,2310.14,3225.03,27.9,65.6,41.65,68.59,2.14,0
2026-06-03 15:00:00,2454.66,2800.94,36.9,53.3,43.67,70.11,2.05,0
2026-06-03 15:15:00,2323.9,3156.11,38.6,82.2,40.85,68.05,1.86,0
2026-06-03 15:30:00,2017.68,3284.15,39.2,76.8,44.43,71.32,2.72,0
2026-06-03 15:45:00,2141.89,2918.55,39.4,84.3,43.49,69.73,2.34,0
2026-06-03 16:00:00,2352.03,3350.89,32.8,51.7,43.81,62.95,3.38,0
2026-06-03 16:15:00,2115.08,3162.85,39.7,83.6,41.94,67.08,2.2,0
2026-06-03 16:30:00,2253.26,2994.25,36.4,59.4,42.32,67.0,2.22,0
2026-06-03 16:45:00,2292.96,3091.63,27.4,55.6,40.78,69.6,2.33,0
2026-06-03 17:00:00,2088.77,3183.75,32.2,42.3,41.87,61.84,2.57,0
2026-06-03 17:15:00,2192.86,3111.4,35.8,42.4,43.09,74.77,2.36,0
2026-06-03 17:30:00,1811.05,3180.81,28.7,71.1,44.06,69.73,2.68,0
2026-06-03 17:45:00,2077.07,2961.9,34.6,60.6,41.17,68.77,2.21,0
2026-06-03 18:00:00,2169.69,3125.4,35.0,50.2,42.06,71.35,2.09,0
2026-06-03 18:15:00,2050.27,2887.94,27.4,67.6,42.32,74.26,1.96,0
2026-06-03 18:30:00,2395.89,3083.32,33.5,51.4,40.83,70.58,1.83,0
2026-06-03 18:45:00,2028.38,2964.41,36.6,66.0,43.21,70.77,2.34,0
2026-06-03 19:00:00,2147.19,2989.67,32.5,56.2,41.63,68.73,2.41,0
2026-06-03 19:15:00,2215.69,3285.41,25.2,77.1,42.27,68.05,2.31,0
2026-06-03 19:30:00,2372.95,3263.7,25.1,76.9,41.96,67.21,2.87,0
2026-06-03 19:45:00,2027.7,3191.37,30.4,61.5,41.55,66.33,2.87,0
2026-06-03 20:00:00,2339.58,2936.15,38.9,55.8,42.49,66.68,2.4,0
2026-06-03 20:15:00,2201.23,3052.54,28.4,56.3,42.24,65.02,1.96,0
2026-06-03 20:30:00,2082.22,3281.96,34.5,76.3,42.05,68.21,2.33,0
2026-06-03 20:45:00,2255.45,3121.26,28.3,54.8,41.63,64.19,2.32,0
2026-06-03 21:00:00,2223.89,3447.9,29.8,49.4,42.88,68.88,2.3,0
2026-06-03 21:15:00,2127.97,3159.0,37.7,43.8,44.48,68.31,2.29,0
2026-06-03 21:30:00,2208.38,3128.81,35.9,61.0,42.67,68.77,2.3,0
2026-06-03 21:45:00,2153.76,3053.63,26.4,61.7,43.7,67.09,2.38,0
2026-06-03 22:00:00,2213.62,3120.03,31.4,77.8,40.83,76.09,2.31,0
2026-06-03 22:15:00,2279.46,3077.13,25.4,50.0,42.69,71.8,2.56,0
2026-06-03 22:30:00,2390.32,3206.22,32.2,57.1,41.18,65.29,2.61,0
2026-06-03 22:45:00,2051.46,3243.51,34.9,76.4,40.73,68.98,2.23,0
2026-06-03 23:00:00,2455.96,2982.1,26.8,77.1,41.61,66.88,2.88,0
2026-06-03 23:15:00,1965.75,2900.32,29.3,57.3,43.93,65.86,2.21,0
2026-06-03 23:30:00,2181.79,2824.57,31.0,60.7,43.64,65.05,2.01,0
2026-06-03 23:45:00,2270.6,3176.2,38.8,53.6,42.79,69.48,2.61,0
2026-06-04 00:00:00,2233.72,2934.5,39.9,82.0,40.66,66.7,2.25,0
2026-06-04 00:15:00,2125.28,2777.07,25.7,45.3,42.26,70.82,2.6,0
2026-06-04 00:30:00,2175.03,3158.29,36.4,82.0,42.86,70.88,1.78,0
2026-06-04 00:45:00,2140.84,3473.95,30.6,70.8,42.71,71.83,2.92,0
2026-06-04 01:00:00,2129.28,3099.09,30.9,63.9,40.29,66.27,2.7,0
2026-06-04 01:15:00,2301.95,3225.77,36.3,41.5,41.43,69.59,2.05,0
2026-06-04 01:30:00,2242.84,3112.27,38.8,61.4,42.42,69.98,2.06,0
2026-06-04 01:45:00,2116.85,3085.17,39.3,58.3,43.14,67.21,3.0,0
2026-06-04 02:00:00,2307.95,3237.86,33.7,47.3,39.86,66.47,2.28,0
2026-06-04 02:15:00,2236.88,3056.46,30.4,69.5,42.31,72.42,2.25,0
2026-06-04 02:30:00,2297.54,3140.11,36.8,83.7,42.67,68.97,1.82,0
2026-06-04 02:45:00,2275.56,3148.25,28.8,65.3,43.52,69.99,2.39,0
2026-06-04 03:00:00,2100.52,2999.79,33.5,72.2,43.33,66.34,2.43,0
2026-06-04 03:15:00,2132.78,3248.81,30.4,43.1,43.2,65.35,2.71,0
2026-06-04 03:30:00,2289.68,3073.76,34.8,58.8,41.54,66.98,2.08,0
2026-06-04 03:45:00,2273.24,2986.64,28.6,45.2,40.21,68.09,2.04,0
2026-06-04 04:00:00,2197.49,3180.48,27.9,67.6,42.03,65.74,2.64,0
2026-06-04 04:15:00,2214.08,2965.23,38.8,82.2,43.7,68.38,2.8,0
2026-06-04 04:30:00,2353.32,3104.23,26.5,69.8,44.17,64.18,2.03,0
2026-06-04 04:45:00,2129.01,3098.63,32.6,43.5,43.35,65.6,2.82,0
2026-06-04 05:00:00,2265.65,3262.88,28.3,56.0,43.02,70.08,2.51,0
2026-06-04 05:15:00,2175.74,3171.2,25.6,64.8,42.96,69.91,2.83,0
2026-06-04 05:30:00,2173.88,3096.25,25.5,58.1,41.83,67.42,2.48,0
2026-06-04 05:45:00,2331.85,3222.66,27.6,77.5,42.34,65.86,1.74,0
2026-06-04 06:00:00,2299.05,3308.53,38.0,76.7,44.5,65.83,2.45,0
2026-06-04 06:15:00,2297.62,3183.67,29.2,67.5,41.37,67.47,2.82,0
2026-06-04 06:30:00,2356.66,3101.55,39.3,56.8,44.44,70.01,2.23,0
2026-06-04 06:45:00,2202.52,2903.22,33.7,51.5,42.11,70.72,2.38,0
2026-06-04 07:00:00,2281.83,2940.23,31.5,44.8,44.09,67.16,2.45,0
2026-06-04 07:15:00,2162.77,3054.22,33.7,56.0,40.81,65.52,1.63,0
2026-06-04 07:30:00,2238.9,3008.57,32.8,58.6,43.2,69.07,3.0,0
2026-06-04 07:45:00,2184.38,3071.95,36.4,70.4,41.62,66.34,2.23,0
2026-06-04 08:00:00,2211.64,3108.5,29.2,69.6,40.8,67.1,2.65,0
2026-06-04 08:15:00,2271.42,3179.45,30.3,43.2,42.76,71.71,2.47,0
2026-06-04 08:30:00,2101.81,3089.43,38.4,57.8,43.71,70.47,2.88,0
2026-06-04 08:45:00,2451.09,3172.98,39.2,48.2,41.49,68.79,2.62,0
2026-06-04 09:00:00,2079.28,3109.67,38.4,47.1,40.7,65.22,2.43,0
2026-06-04 09:15:00,2054.3,2803.68,31.3,77.2,42.39,68.93,2.23,0
2026-06-04 09:30:00,2338.97,2959.1,36.7,41.9,42.4,71.06,2.74,0
2026-06-04 09:45:00,2295.0,3078.39,32.1,58.9,43.16,67.46,1.94,0
2026-06-04 10:00:00,2274.89,2918.55,32.5,47.6,43.64,71.78,2.69,0
2026-06-04 10:15:00,2275.4,3189.99,28.1,79.6,42.43,71.63,2.17,0
2026-06-04 10:30:00,2198.53,3329.61,33.9,65.1,44.73,72.56,2.88,0
2026-06-04 10:45:00,2092.33,3282.81,27.8,50.4,42.77,69.16,2.55,0
2026-06-04 11:00:00,2209.1,3067.98,30.0,62.6,42.08,69.87,2.69,0
2026-06-04 11:15:00,2118.74,3323.61,37.8,72.9,40.57,71.94,2.52,0
2026-06-04 11:30:00,2317.01,3122.3,28.1,83.1,42.18,69.52,1.97,0
2026-06-04 11:45:00,2182.35,3049.44,26.1,49.9,42.1,67.15,2.24,0
2026-06-04 12:00:00,2100.94,3007.99,26.0,79.9,43.65,67.28,2.7,0
2026-06-04 12:15:00,2161.43,3054.63,39.1,82.0,43.05,69.0,2.55,0
2026-06-04 12:30:00,2249.55,3041.77,32.6,81.2,41.08,65.17,2.85,0
2026-06-04 12:45:00,2132.35,3125.56,31.1,68.6,42.71,68.04,2.62,0
2026-06-04 13:00:00,2101.33,3124.09,37.2,68.3,43.31,71.14,2.21,0
2026-06-04 13:15:00,2229.24,3100.46,37.5,58.1,44.33,62.92,2.26,0
2026-06-04 13:30:00,2229.4,3165.54,30.0,73.9,43.57,72.24,2.53,0
2026-06-04 13:45:00,2139.17,3278.6,35.4,63.9,43.41,71.21,1.81,0
2026-06-04 14:00:00,2143.48,3242.43,36.6,70.5,42.57,67.25,3.0,0
2026-06-04 14:15:00,2227.85,2877.27,34.8,59.3,42.97,69.76,2.63,0
2026-06-04 14:30:00,2026.23,2716.91,27.3,72.9,44.0,68.41,2.87,0
2026-06-04 14:45:00,2031.1,3240.15,38.1,77.1,40.9,71.47,2.03,0
2026-06-04 15:00:00,2113.79,2894.97,33.1,46.6,42.08,70.86,2.87,0
2026-06-04 15:15:00,2174.39,3066.29,29.2,77.5,41.57,64.9,3.17,0
2026-06-04 15:30:00,2237.31,2924.48,31.4,64.3,42.95,69.87,2.1,0
2026-06-04 15:45:00,2377.04,2829.7,25.6,78.0,43.98,67.89,2.73,0
2026-06-04 16:00:00,2302.92,3181.22,26.9,59.4,41.78,68.61,2.5,0
2026-06-04 16:15:00,2180.81,3213.87,36.5,57.1,39.63,66.58,2.04,0
2026-06-04 16:30:00,2197.72,3013.52,25.0,81.2,42.01,72.77,2.65,0
2026-06-04 16:45:00,2079.7,2711.34,31.2,51.3,43.6,71.0,2.75,0
2026-06-04 17:00:00,2197.78,3018.06,32.8,78.0,43.15,66.55,2.32,0
2026-06-04 17:15:00,2165.36,3158.77,25.8,61.8,43.01,65.06,2.85,0
2026-06-04 17:30:00,2238.73,2878.16,39.6,63.1,42.16,67.44,2.0,0
2026-06-04 17:45:00,2100.73,3127.5,28.4,53.9,40.97,69.49,2.05,0
2026-06-04 18:00:00,2262.32,3097.7,29.6,65.8,43.12,69.0,2.54,0
2026-06-04 18:15:00,2383.93,3186.89,29.6,54.6,41.5,71.53,2.51,0
2026-06-04 18:30:00,2186.95,3117.94,28.5,41.8,45.12,70.37,2.29,0
2026-06-04 18:45:00,2248.21,2954.04,25.0,52.2,43.18,70.82,2.74,0
2026-06-04 19:00:00,2282.82,3279.49,35.9,40.3,41.8,69.22,2.66,0
2026-06-04 19:15:00,2151.85,3076.22,39.5,84.0,41.77,64.93,2.76,0
2026-06-04 19:30:00,2226.89,3095.9,28.4,83.5,42.39,67.91,2.46,0
2026-06-04 19:45:00,2201.51,2960.01,34.9,57.8,42.21,71.05,2.68,0
2026-06-04 20:00:00,2211.72,3033.51,36.1,72.8,43.84,68.27,2.37,0
2026-06-04 20:15:00,2107.24,2967.28,37.7,55.6,42.72,69.66,3.12,0
2026-06-04 20:30:00,2202.94,3074.06,31.3,70.2,41.62,67.6,2.26,0
2026-06-04 20:45:00,2259.76,3356.76,29.5,76.2,44.77,65.83,3.13,0
2026-06-04 21:00:00,2374.14,2894.21,29.9,82.6,42.56,68.09,2.51,0
2026-06-04 21:15:00,2315.11,2857.97,35.7,58.0,43.42,69.17,2.09,0
2026-06-04 21:30:00,2458.38,3320.68,37.3,75.2,41.77,66.76,2.91,0
2026-06-04 21:45:00,2107.92,3068.6,27.7,52.0,42.94,67.81,2.54,0
2026-06-04 22:00:00,2304.68,2999.64,30.6,84.6,42.87,66.05,2.76,0
2026-06-04 22:15:00,2222.0,3255.99,38.5,41.2,40.23,71.2,2.87,0
2026-06-04 22:30:00,2462.78,3009.16,37.1,67.2,44.92,67.66,2.6,0
2026-06-04 22:45:00,2103.0,3373.9,39.8,69.7,44.05,72.03,2.32,0
2026-06-04 23:00:00,3358.77,5923.12,36.3,71.0,26.5,102.5,8.7,1
2026-06-04 23:15:00,2128.07,3026.81,30.9,45.4,41.18,68.2,2.5,0
2026-06-04 23:30:00,1945.13,3423.6,33.9,82.2,42.92,65.88,2.71,0
2026-06-04 23:45:00,2136.91,3009.14,34.9,48.2,42.6,63.19,1.85,0
2026-06-05 00:00:00,2108.9,3211.31,26.2,68.0,42.93,64.72,2.63,0
2026-06-05 00:15:00,2218.05,3144.89,33.2,50.0,42.73,64.97,2.31,0
2026-06-05 00:30:00,2241.01,3295.26,35.6,53.8,43.11,71.85,3.0,0
2026-06-05 00:45:00,2425.14,3334.23,27.5,64.6,44.24,68.69,2.69,0
2026-06-05 01:00:00,2314.05,3104.8,36.7,58.8,43.18,69.37,2.57,0
2026-06-05 01:15:00,2130.77,2986.99,33.8,47.2,41.24,62.85,2.65,0
2026-06-05 01:30:00,2092.19,3169.0,39.3,47.7,44.14,65.41,2.2,0
2026-06-05 01:45:00,2259.03,2998.34,25.6,58.8,44.47,70.62,2.99,0
2026-06-05 02:00:00,2041.57,3402.01,29.0,74.1,46.28,69.12,3.1,0
2026-06-05 02:15:00,2419.78,3120.48,34.0,80.4,41.15,68.03,2.62,0
2026-06-05 02:30:00,2341.53,3045.2,29.4,43.8,42.79,69.81,2.98,0
2026-06-05 02:45:00,2143.7,3127.7,35.7,57.7,40.0,72.49,2.33,0
2026-06-05 03:00:00,1994.42,2897.93,36.4,44.5,43.16,67.85,2.26,0
2026-06-05 03:15:00,2362.46,2954.26,26.5,40.7,41.84,68.57,2.51,0
2026-06-05 03:30:00,2186.26,3280.06,32.7,69.8,44.81,68.88,2.63,0
2026-06-05 03:45:00,2348.54,3001.47,32.6,67.1,41.57,74.38,2.38,0
2026-06-05 04:00:00,2008.67,2942.96,30.5,47.3,40.47,63.15,2.66,0
2026-06-05 04:15:00,2128.07,3180.5,39.0,50.5,41.93,70.11,2.59,0
2026-06-05 04:30:00,2200.63,3277.86,37.4,41.1,40.13,68.11,2.2,0
2026-06-05 04:45:00,2205.64,3207.84,35.5,77.6,43.4,69.82,2.66,0
2026-06-05 05:00:00,2145.99,3249.41,35.7,83.9,40.02,66.76,2.76,0
2026-06-05 05:15:00,2274.74,2986.48,31.9,46.1,42.53,68.28,2.55,0
2026-06-05 05:30:00,2071.89,2886.73,38.8,50.4,40.01,70.18,2.85,0
2026-06-05 05:45:00,2182.91,3325.2,35.4,79.1,42.12,76.18,2.13,0
2026-06-05 06:00:00,2214.44,3051.6,35.9,81.7,44.47,70.42,2.64,0
2026-06-05 06:15:00,2261.73,3062.38,37.9,58.9,42.93,66.28,2.15,0
2026-06-05 06:30:00,2285.39,3299.23,29.1,42.3,41.46,67.34,2.17,0
2026-06-05 06:45:00,2065.04,3183.43,37.1,41.8,42.46,67.27,2.31,0
2026-06-05 07:00:00,2015.91,3168.38,27.9,65.8,42.52,63.91,2.22,0
2026-06-05 07:15:00,2353.32,3424.75,30.2,57.7,43.07,67.57,2.34,0
2026-06-05 07:30:00,2239.88,3003.47,30.0,41.3,40.86,70.23,2.44,0
2026-06-05 07:45:00,2110.18,3239.18,39.7,66.2,43.21,65.21,2.75,0
2026-06-05 08:00:00,2386.14,3108.55,37.8,40.5,39.25,71.02,2.4,0
2026-06-05 08:15:00,2213.88,3140.29,35.5,75.4,41.74,69.62,2.02,0
2026-06-05 08:30:00,2341.52,3329.27,35.9,53.8,41.91,66.56,2.84,0
2026-06-05 08:45:00,2208.1,3176.18,33.4,41.8,43.26,68.05,2.25,0
2026-06-05 09:00:00,2447.29,3180.74,39.2,66.5,42.53,72.4,2.48,0
2026-06-05 09:15:00,2410.64,3260.88,32.4,57.9,40.81,70.23,2.63,0
2026-06-05 09:30:00,2170.12,3045.26,30.7,83.8,41.32,68.42,2.56,0
2026-06-05 09:45:00,2316.59,2974.12,27.4,64.5,42.74,67.81,2.83,0
2026-06-05 10:00:00,2277.45,2943.28,36.8,52.4,42.41,68.59,2.64,0
2026-06-05 10:15:00,2364.24,2805.05,36.0,71.9,41.81,67.12,2.24,0
2026-06-05 10:30:00,2084.21,3408.43,30.8,52.2,41.92,63.14,3.15,0
2026-06-05 10:45:00,2282.33,2934.52,25.4,80.7,43.34,73.51,2.56,0
2026-06-05 11:00:00,2327.01,3066.81,37.6,56.9,41.88,68.79,2.46,0
2026-06-05 11:15:00,1988.95,3058.48,25.2,64.7,42.39,69.4,2.79,0
2026-06-05 11:30:00,2058.01,3146.11,35.6,42.3,45.1,68.26,2.57,0
2026-06-05 11:45:00,1955.29,3222.36,39.6,59.2,40.79,66.56,2.62,0
2026-06-05 12:00:00,2167.67,3229.07,31.6,77.5,40.28,67.94,3.25,0
2026-06-05 12:15:00,2286.11,3012.54,28.5,76.3,43.44,64.4,2.42,0
2026-06-05 12:30:00,2380.28,3074.93,35.6,50.1,41.69,74.09,2.4,0
2026-06-05 12:45:00,2208.89,3142.39,37.3,50.2,42.12,65.31,2.53,0
2026-06-05 13:00:00,2395.43,3062.7,33.2,76.8,41.56,65.82,2.82,0
2026-06-05 13:15:00,2034.39,3341.1,39.5,81.9,42.19,67.3,2.05,0
2026-06-05 13:30:00,1995.59,3173.65,25.8,44.3,44.42,71.62,1.91,0
2026-06-05 13:45:00,2193.33,3210.23,32.6,60.3,43.46,68.44,2.32,0
2026-06-05 14:00:00,2246.09,3199.43,35.8,55.2,43.53,65.31,2.01,0
2026-06-05 14:15:00,2196.08,3276.02,37.9,79.2,40.8,71.54,2.37,0
2026-06-05 14:30:00,1951.91,3127.15,27.7,43.8,41.12,70.23,2.65,0
2026-06-05 14:45:00,2189.31,2905.48,37.0,49.5,39.09,69.75,2.23,0
2026-06-05 15:00:00,2043.46,3159.95,33.3,73.9,41.53,70.19,2.07,0
2026-06-05 15:15:00,2280.36,3002.3,30.9,42.3,43.65,74.39,2.52,0
2026-06-05 15:30:00,2243.99,3020.71,27.0,62.2,43.12,73.86,2.76,0
2026-06-05 15:45:00,2087.21,3187.95,38.0,59.9,42.23,66.68,1.99,0
2026-06-05 16:00:00,2138.34,3285.74,27.4,55.0,42.47,72.46,2.75,0
2026-06-05 16:15:00,2072.89,3103.19,29.6,57.8,41.67,69.36,2.75,0
2026-06-05 16:30:00,2192.48,3146.32,29.4,63.8,42.75,69.65,2.79,0
2026-06-05 16:45:00,2314.62,3355.33,38.1,47.3,43.42,64.17,2.87,0
2026-06-05 17:00:00,2081.71,3136.11,35.1,65.7,40.56,67.97,3.16,0
2026-06-05 17:15:00,2260.49,3490.25,37.0,76.2,42.86,66.37,2.39,0
2026-06-05 17:30:00,2136.37,3184.83,28.8,74.2,43.62,70.47,2.53,0
2026-06-05 17:45:00,2104.86,2835.89,34.4,46.9,42.0,71.08,2.38,0
2026-06-05 18:00:00,2187.16,3213.0,33.6,46.7,43.34,63.21,2.5,0
2026-06-05 18:15:00,2075.77,3157.17,37.5,52.1,45.88,68.34,2.96,0
2026-06-05 18:30:00,2133.56,3293.46,38.6,56.2,42.37,71.2,2.1,0
2026-06-05 18:45:00,2056.25,3200.98,25.2,58.4,42.97,67.93,2.24,0
2026-06-05 19:00:00,2435.77,3079.23,35.1,70.6,41.61,70.22,2.91,0
2026-06-05 19:15:00,2204.23,2916.36,25.8,42.6,42.72,69.28,2.81,0
2026-06-05 19:30:00,2116.03,3068.65,33.2,41.6,43.05,69.25,2.39,0
2026-06-05 19:45:00,2225.68,2972.42,29.3,57.6,42.73,67.72,2.76,0
2026-06-05 20:00:00,2186.52,3012.92,29.6,71.4,41.28,65.36,2.6,0
2026-06-05 20:15:00,2173.48,3188.29,30.3,48.7,42.75,65.6,2.95,0
2026-06-05 20:30:00,2273.7,3350.49,34.3,68.9,44.25,70.17,2.52,0
2026-06-05 20:45:00,2290.9,3159.2,30.0,51.7,43.04,68.45,2.81,0
2026-06-05 21:00:00,2136.34,2920.62,36.0,79.9,43.65,68.05,3.29,0
2026-06-05 21:15:00,2130.9,3166.69,31.1,80.3,42.22,67.34,2.68,0
2026-06-05 21:30:00,2166.99,3279.49,26.0,53.4,43.4,67.64,2.51,0
2026-06-05 21:45:00,1923.77,3008.53,36.8,50.3,42.84,71.02,2.72,0
2026-06-05 22:00:00,2018.18,3079.9,29.3,58.5,41.36,67.56,2.39,0
2026-06-05 22:15:00,2364.02,3102.2,31.5,50.8,42.88,65.05,3.22,0
2026-06-05 22:30:00,2397.4,2982.27,35.3,70.3,41.31,70.26,2.55,0
2026-06-05 22:45:00,2170.12,3197.24,30.0,77.2,41.74,67.89,2.42,0
2026-06-05 23:00:00,2269.19,3081.86,25.8,70.3,42.73,68.48,2.25,0
2026-06-05 23:15:00,2237.35,3162.93,30.6,77.1,42.86,72.42,2.83,0
2026-06-05 23:30:00,2569.47,2966.88,39.2,57.9,41.07,68.35,2.76,0
2026-06-05 23:45:00,2334.35,3034.38,34.6,47.0,43.76,69.12,2.35,0
2026-06-06 00:00:00,2184.65,3208.36,35.1,73.2,43.19,65.45,2.67,0
2026-06-06 00:15:00,2085.34,3044.08,34.5,56.2,41.65,67.85,2.05,0
2026-06-06 00:30:00,2007.23,3359.04,28.0,70.2,40.65,69.92,2.56,0
2026-06-06 00:45:00,2224.42,3040.05,31.3,52.2,42.33,64.51,2.64,0
2026-06-06 01:00:00,2109.24,3133.7,36.3,43.7,41.96,68.9,3.01,0
2026-06-06 01:15:00,2029.33,3239.89,26.5,84.7,42.64,68.65,2.27,0
2026-06-06 01:30:00,2122.41,2887.25,29.2,47.0,42.06,68.5,2.12,0
2026-06-06 01:45:00,2070.21,2835.88,29.1,84.5,40.09,70.99,2.23,0
2026-06-06 02:00:00,2402.46,2871.15,31.5,84.0,42.03,69.24,2.1,0
2026-06-06 02:15:00,2305.8,3289.39,39.7,75.7,42.13,72.1,2.9,0
2026-06-06 02:30:00,2199.04,3017.22,26.0,69.7,43.26,65.92,2.96,0
2026-06-06 02:45:00,2377.59,3483.73,32.8,66.0,41.66,68.74,2.6,0
2026-06-06 03:00:00,2209.28,3015.36,27.7,79.0,44.51,68.61,2.87,0
2026-06-06 03:15:00,2096.65,3127.68,39.6,53.0,40.21,65.73,2.54,0
2026-06-06 03:30:00,2382.77,3331.32,26.7,61.0,44.07,70.79,2.47,0
2026-06-06 03:45:00,2264.67,3400.91,31.1,67.9,42.23,74.21,2.4,0
2026-06-06 04:00:00,2075.53,3409.23,36.1,58.5,43.53,68.36,2.41,0
2026-06-06 04:15:00,2177.16,3281.25,35.6,59.2,42.6,69.66,2.04,0
2026-06-06 04:30:00,2094.93,3253.61,31.3,54.9,43.87,68.61,2.58,0
2026-06-06 04:45:00,2034.06,3188.88,30.2,65.4,42.04,66.62,2.49,0
2026-06-06 05:00:00,2311.14,3216.75,31.0,78.3,41.18,63.85,2.72,0
2026-06-06 05:15:00,2429.13,3017.32,29.0,49.1,44.2,66.64,2.53,0
2026-06-06 05:30:00,2032.17,2977.27,28.1,82.0,42.36,64.92,2.45,0
2026-06-06 05:45:00,2267.56,3099.49,32.2,71.0,42.77,72.66,2.24,0
2026-06-06 06:00:00,2121.92,3074.47,29.0,77.0,43.98,68.11,2.52,0
2026-06-06 06:15:00,2141.54,3032.02,29.3,65.0,41.26,67.54,2.72,0
2026-06-06 06:30:00,2128.91,3204.46,34.9,75.1,43.21,70.62,2.16,0
2026-06-06 06:45:00,2096.32,3243.3,39.5,40.7,41.79,65.6,2.53,0
2026-06-06 07:00:00,2205.82,3113.26,34.1,76.8,42.34,66.48,2.57,0
2026-06-06 07:15:00,2100.29,3321.63,26.2,41.8,42.59,68.57,2.28,0
2026-06-06 07:30:00,3571.93,5418.18,26.1,80.0,26.5,102.5,8.7,1
2026-06-06 07:45:00,2193.97,3070.95,39.3,84.6,41.57,69.65,2.57,0
2026-06-06 08:00:00,2171.33,2992.48,29.5,53.2,44.12,69.02,2.16,0
2026-06-06 08:15:00,2091.09,2820.02,26.4,49.5,43.56,68.6,2.6,0
2026-06-06 08:30:00,2130.79,3087.6,34.0,74.4,42.42,69.4,2.23,0
2026-06-06 08:45:00,2290.65,3081.74,34.4,51.4,42.79,68.9,2.82,0
2026-06-06 09:00:00,2260.11,3327.02,34.7,79.0,42.15,65.83,3.2,0
2026-06-06 09:15:00,2082.69,3194.62,29.0,44.6,44.13,68.52,2.24,0
2026-06-06 09:30:00,2211.92,2946.37,25.2,45.7,42.26,65.72,2.66,0
2026-06-06 09:45:00,2290.17,3378.11,39.5,84.1,42.78,68.6,2.28,0
2026-06-06 10:00:00,1999.67,3283.16,28.8,70.3,43.88,67.2,2.81,0
2026-06-06 10:15:00,2265.2,3187.31,35.1,78.1,41.57,74.75,2.12,0
2026-06-06 10:30:00,2120.49,3066.03,35.6,54.6,44.37,68.3,2.64,0
2026-06-06 10:45:00,2268.47,2956.08,34.2,70.4,40.66,64.89,2.24,0
2026-06-06 11:00:00,2108.41,3044.17,29.7,66.7,44.46,68.06,2.44,0
2026-06-06 11:15:00,1983.41,3263.31,29.1,67.1,42.05,69.7,2.19,0
2026-06-06 11:30:00,2004.69,3382.69,34.0,70.7,42.21,72.58,2.75,0
2026-06-06 11:45:00,2205.77,3331.49,38.0,65.9,40.23,66.93,2.25,0
2026-06-06 12:00:00,2231.17,3026.67,39.2,59.3,41.95,64.44,2.67,0
2026-06-06 12:15:00,2091.48,2932.06,26.6,52.4,41.25,70.44,2.4,0
2026-06-06 12:30:00,2276.63,3121.13,27.3,74.6,41.77,64.95,2.47,0
2026-06-06 12:45:00,2000.62,2834.73,39.2,50.2,42.34,67.31,2.54,0
2026-06-06 13:00:00,2192.07,3148.48,36.0,71.2,43.65,67.76,2.27,0
2026-06-06 13:15:00,2054.68,3077.86,38.2,50.5,42.75,68.23,2.56,0
2026-06-06 13:30:00,2121.78,3030.09,28.0,68.1,42.87,70.12,2.96,0
2026-06-06 13:45:00,2205.69,2860.79,33.8,73.6,41.19,66.69,2.27,0
2026-06-06 14:00:00,2096.75,3177.04,35.5,49.8,41.44,67.72,2.85,0
2026-06-06 14:15:00,2153.85,3020.09,35.2,42.7,44.66,68.36,2.95,0
2026-06-06 14:30:00,2320.76,2924.51,31.1,45.9,41.62,68.77,2.26,0
2026-06-06 14:45:00,2130.77,2669.16,25.2,67.3,44.49,68.64,2.06,0
2026-06-06 15:00:00,2300.28,3095.87,33.7,78.2,42.21,69.49,2.59,0
2026-06-06 15:15:00,2064.44,3365.84,28.8,42.0,42.5,70.51,2.34,0
2026-06-06 15:30:00,2263.58,3349.19,31.8,73.0,43.78,69.38,3.06,0
2026-06-06 15:45:00,2372.99,3031.44,39.4,55.4,44.03,69.53,2.51,0
2026-06-06 16:00:00,1903.4,3009.67,31.0,61.5,42.37,64.44,2.26,0
2026-06-06 16:15:00,2104.37,3170.32,37.6,81.8,42.03,68.53,2.16,0
2026-06-06 16:30:00,2269.25,2950.24,27.8,54.9,42.43,69.6,2.83,0
2026-06-06 16:45:00,2175.63,3145.27,35.1,60.9,42.91,70.22,2.33,0
2026-06-06 17:00:00,2244.54,3214.91,39.7,40.6,43.57,66.67,2.51,0
2026-06-06 17:15:00,2127.52,3284.04,26.5,43.7,42.51,66.75,2.79,0
2026-06-06 17:30:00,2210.39,3084.98,25.1,51.6,43.24,66.96,2.35,0
2026-06-06 17:45:00,2181.32,3069.45,31.5,41.3,44.47,69.74,2.49,0
2026-06-06 18:00:00,2340.13,2968.3,26.4,68.4,42.96,70.98,2.5,0
2026-06-06 18:15:00,2230.53,2975.97,36.2,59.2,42.87,67.38,2.7,0
2026-06-06 18:30:00,2240.51,3066.03,38.7,64.7,40.68,70.67,2.68,0
2026-06-06 18:45:00,2150.57,3155.1,31.5,47.9,39.34,68.71,2.43,0
2026-06-06 19:00:00,2141.49,3237.04,28.9,53.3,42.97,68.09,2.52,0
2026-06-06 19:15:00,2148.09,2979.52,31.5,69.9,42.39,67.87,2.39,0
2026-06-06 19:30:00,2247.33,3323.9,35.9,83.4,41.88,70.27,2.06,0
2026-06-06 19:45:00,2149.48,3059.33,25.1,42.3,42.79,69.21,2.58,0
2026-06-06 20:00:00,2234.77,3096.79,33.8,80.1,42.43,74.09,3.07,0
2026-06-06 20:15:00,2449.05,2987.92,34.2,66.0,43.85,66.27,2.23,0
2026-06-06 20:30:00,2304.53,2736.36,34.6,65.4,42.6,69.7,2.27,0
2026-06-06 20:45:00,2160.88,3232.61,28.6,62.5,41.6,67.08,2.24,0
2026-06-06 21:00:00,2344.15,3210.53,35.7,43.1,43.69,66.23,2.72,0
2026-06-06 21:15:00,2151.03,3057.8,26.4,44.0,42.24,68.37,2.63,0
2026-06-06 21:30:00,1955.43,3110.05,28.0,67.0,43.13,68.74,2.45,0
2026-06-06 21:45:00,2079.03,3177.39,38.2,55.3,41.93,75.7,2.22,0
2026-06-06 22:00:00,1975.5,2865.62,36.1,81.3,41.72,67.94,2.53,0
2026-06-06 22:15:00,2157.82,3020.64,25.2,58.3,42.6,65.57,2.03,0
2026-06-06 22:30:00,2202.21,3219.14,28.7,46.4,42.52,69.08,2.54,0
2026-06-06 22:45:00,2401.17,2911.86,28.2,72.2,43.08,63.21,2.76,0
2026-06-06 23:00:00,2239.23,3144.03,29.1,53.2,42.18,68.17,2.12,0
2026-06-06 23:15:00,2173.71,2896.51,28.7,63.6,40.3,68.44,2.04,0
2026-06-06 23:30:00,2299.53,3169.96,25.9,71.4,41.98,70.39,2.97,0
2026-06-06 23:45:00,1934.66,3094.65,31.9,80.5,43.45,70.83,2.32,0
2026-06-07 00:00:00,2228.27,2857.73,36.0,75.6,42.14,67.14,2.84,0
2026-06-07 00:15:00,2292.5,3274.71,34.1,70.4,42.2,68.02,2.45,0
2026-06-07 00:30:00,2022.57,2989.81,35.1,70.6,43.68,66.48,2.45,0
2026-06-07 00:45:00,2337.25,2978.46,26.2,82.6,41.65,65.58,2.63,0
2026-06-07 01:00:00,2240.62,3130.09,39.3,53.3,40.65,69.17,2.23,0
2026-06-07 01:15:00,2150.17,3272.3,37.6,40.1,42.31,65.22,2.54,0
2026-06-07 01:30:00,2275.93,2947.63,37.1,52.2,41.92,67.36,2.39,0
2026-06-07 01:45:00,2472.48,3109.25,37.3,49.8,41.34,65.91,2.1,0
2026-06-07 02:00:00,2221.82,3164.32,39.0,69.8,42.29,69.77,2.6,0
2026-06-07 02:15:00,2229.79,3203.97,33.2,68.5,43.09,72.9,2.42,0
2026-06-07 02:30:00,2144.88,3126.47,28.0,66.7,42.49,65.15,2.45,0
2026-06-07 02:45:00,2098.02,3044.95,34.3,40.7,42.87,63.77,2.14,0
2026-06-07 03:00:00,2299.64,2975.86,36.1,72.8,44.68,68.09,2.98,0
2026-06-07 03:15:00,2097.27,3112.92,36.1,54.6,42.09,68.44,2.76,0
2026-06-07 03:30:00,2208.59,2939.18,32.8,69.9,42.83,68.95,2.79,0
2026-06-07 03:45:00,2142.68,2661.8,26.0,65.0,41.89,67.28,2.41,0
2026-06-07 04:00:00,2257.48,3165.48,30.6,55.4,41.48,67.9,1.98,0
2026-06-07 04:15:00,2240.04,3235.59,38.8,46.1,41.8,69.32,3.09,0
2026-06-07 04:30:00,2324.5,2745.56,33.8,44.2,41.93,71.0,2.48,0
2026-06-07 04:45:00,2138.8,2948.54,33.1,77.4,42.93,63.51,2.28,0
2026-06-07 05:00:00,2167.62,3192.87,29.0,81.3,45.32,67.48,2.63,0
2026-06-07 05:15:00,2082.55,3408.62,30.5,69.2,41.64,68.93,2.85,0
2026-06-07 05:30:00,2146.68,3103.12,38.4,44.7,42.0,66.11,2.49,0
2026-06-07 05:45:00,2245.28,2990.8,35.0,58.1,42.42,72.73,2.88,0
2026-06-07 06:00:00,2290.84,3072.57,36.8,72.8,42.97,66.81,2.82,0
2026-06-07 06:15:00,2089.34,3306.23,31.8,75.1,42.82,68.3,2.18,0
2026-06-07 06:30:00,2304.35,3003.11,34.5,45.3,44.04,69.79,2.3,0
2026-06-07 06:45:00,2362.68,2980.12,28.7,40.0,39.59,66.92,2.79,0
2026-06-07 07:00:00,2249.61,3027.59,35.6,72.0,39.64,63.78,1.69,0
2026-06-07 07:15:00,2425.22,2957.0,31.4,56.0,41.9,67.33,2.46,0
2026-06-07 07:30:00,2107.15,3118.4,31.6,51.5,43.82,70.97,2.07,0
2026-06-07 07:45:00,2050.64,3343.7,34.7,40.6,40.62,67.56,2.36,0
2026-06-07 08:00:00,1986.55,3148.46,39.0,64.3,38.89,66.28,2.41,0
2026-06-07 08:15:00,2379.53,3062.15,26.0,78.3,43.19,70.71,2.39,0
2026-06-07 08:30:00,2278.52,3056.23,37.4,83.1,42.79,67.57,2.33,0
2026-06-07 08:45:00,2193.33,2865.52,29.4,65.5,41.19,67.12,2.17,0
2026-06-07 09:00:00,2233.6,3232.47,31.7,63.2,41.32,68.77,3.19,0
2026-06-07 09:15:00,2064.94,3088.32,25.3,43.8,41.34,70.33,3.06,0
2026-06-07 09:30:00,2493.49,3072.93,29.5,64.7,42.63,74.35,2.15,0
2026-06-07 09:45:00,2215.51,3578.97,32.5,57.1,41.75,70.47,2.97,0
2026-06-07 10:00:00,2213.13,3144.81,25.8,67.3,43.09,71.3,2.38,0
2026-06-07 10:15:00,2287.09,2987.23,32.4,57.5,39.07,67.14,2.54,0
2026-06-07 10:30:00,2257.72,3036.05,38.9,50.8,41.47,65.84,2.48,0
2026-06-07 10:45:00,2226.87,3272.27,26.6,44.3,41.15,68.56,2.3,0
2026-06-07 11:00:00,2105.14,3116.99,36.5,54.2,42.19,68.67,2.8,0
2026-06-07 11:15:00,2256.58,2884.26,31.1,44.3,41.85,65.7,2.54,0
2026-06-07 11:30:00,2425.84,3237.88,34.8,48.0,43.46,67.96,2.36,0
2026-06-07 11:45:00,2361.45,2999.78,28.9,84.4,40.27,69.4,2.11,0
2026-06-07 12:00:00,2391.18,3380.99,27.4,60.0,42.55,69.3,2.23,0
2026-06-07 12:15:00,2138.65,3262.01,27.4,63.9,43.17,69.66,2.01,0
2026-06-07 12:30:00,2081.25,3032.9,26.1,79.3,44.73,69.13,2.5,0
2026-06-07 12:45:00,2184.91,3292.15,27.8,84.8,41.92,67.13,2.14,0
2026-06-07 13:00:00,2206.69,3110.18,35.0,66.2,42.89,67.12,2.42,0
2026-06-07 13:15:00,2331.3,3227.92,38.2,76.6,40.34,65.4,2.91,0
2026-06-07 13:30:00,1996.9,3172.71,37.2,54.7,39.63,72.86,2.86,0
2026-06-07 13:45:00,2383.55,2973.05,35.3,53.8,43.51,68.43,2.49,0
2026-06-07 14:00:00,2181.04,3003.47,26.7,58.1,42.49,67.84,2.47,0
2026-06-07 14:15:00,2148.77,3254.49,29.3,70.3,43.91,66.08,3.06,0
2026-06-07 14:30:00,2078.55,3049.78,29.6,70.7,40.85,75.74,2.66,0
2026-06-07 14:45:00,2001.42,3039.45,28.7,54.2,43.12,65.72,2.4,0
2026-06-07 15:00:00,2298.78,2956.73,32.7,46.0,44.74,67.33,2.07,0
2026-06-07 15:15:00,2208.8,3163.54,33.0,68.5,43.0,69.44,2.62,0
2026-06-07 15:30:00,2045.2,3409.38,30.4,45.8,42.83,69.9,2.75,0
2026-06-07 15:45:00,2044.59,2939.87,30.3,66.0,42.51,70.79,2.31,0
2026-06-07 16:00:00,2159.71,3103.63,37.4,71.2,40.61,72.92,2.59,0
2026-06-07 16:15:00,2400.28,3311.83,36.8,71.5,44.13,69.67,2.39,0
2026-06-07 16:30:00,3470.16,5712.9,29.6,73.9,26.5,102.5,8.7,1
2026-06-07 16:45:00,2019.62,3167.86,38.7,79.3,43.11,67.76,1.75,0
2026-06-07 17:00:00,2170.51,2940.64,39.3,62.5,40.62,69.17,2.43,0
2026-06-07 17:15:00,2167.27,3164.25,29.9,72.9,41.08,73.57,2.79,0
2026-06-07 17:30:00,1876.37,3071.93,30.3,67.9,44.22,64.91,2.31,0
2026-06-07 17:45:00,2193.48,3247.86,32.6,48.4,42.08,71.41,2.52,0
2026-06-07 18:00:00,2172.29,3278.11,39.1,41.2,44.24,68.85,2.27,0
2026-06-07 18:15:00,2283.54,3488.43,38.1,52.8,42.41,70.49,2.61,0
2026-06-07 18:30:00,2421.87,3186.94,26.5,59.9,40.29,68.15,2.44,0
2026-06-07 18:45:00,2335.19,3148.87,30.9,67.8,43.57,66.29,2.22,0
2026-06-07 19:00:00,2167.73,3129.16,33.3,78.2,41.79,70.28,2.9,0
2026-06-07 19:15:00,2067.22,3047.03,32.5,48.8,43.34,70.04,2.78,0
2026-06-07 19:30:00,2508.8,3150.77,27.9,45.6,42.53,70.83,2.32,0
2026-06-07 19:45:00,2207.11,3055.69,37.9,83.4,40.65,68.37,2.65,0
2026-06-07 20:00:00,2201.67,3125.27,35.2,44.9,42.7,66.9,2.66,0
2026-06-07 20:15:00,2197.1,3297.64,37.6,61.5,45.14,64.5,2.69,0
2026-06-07 20:30:00,2223.77,2949.02,37.9,66.4,43.09,70.45,1.99,0
2026-06-07 20:45:00,2182.68,3270.98,36.2,64.4,42.43,69.46,2.8,0
2026-06-07 21:00:00,2131.16,3297.57,31.6,43.9,43.79,65.99,2.33,0
2026-06-07 21:15:00,2134.38,3082.29,34.2,42.6,42.75,67.05,2.39,0
2026-06-07 21:30:00,2196.07,2781.72,27.4,44.7,42.75,67.23,3.29,0
2026-06-07 21:45:00,2134.79,3008.83,35.1,66.4,41.19,64.69,2.59,0
2026-06-07 22:00:00,2114.46,3294.55,27.7,64.5,42.78,66.36,2.38,0
2026-06-07 22:15:00,2212.77,3096.57,35.4,50.5,43.74,65.57,1.84,0
2026-06-07 22:30:00,2169.4,2950.1,28.4,68.7,41.5,67.37,2.92,0
2026-06-07 22:45:00,2380.48,3024.28,26.8,76.9,44.21,66.55,2.1,0
2026-06-07 23:00:00,1881.88,3226.09,27.5,41.9,42.39,64.33,2.2,0
2026-06-07 23:15:00,2330.98,3182.01,25.0,62.4,41.43,73.46,2.4,0
2026-06-07 23:30:00,2349.53,3064.16,35.8,71.0,43.7,71.53,2.92,0
2026-06-07 23:45:00,1951.19,3044.98,36.0,51.4,42.16,66.45,2.73,0
2026-06-08 00:00:00,2158.88,3041.24,32.7,53.8,43.41,69.08,2.45,0
2026-06-08 00:15:00,2155.43,2961.64,27.4,67.6,42.15,69.44,2.59,0
2026-06-08 00:30:00,2031.1,3342.31,26.3,80.4,42.43,71.38,2.32,0
2026-06-08 00:45:00,2106.66,3051.65,25.3,76.4,43.09,66.35,2.54,0
2026-06-08 01:00:00,2066.73,3282.57,27.5,66.2,42.85,71.13,2.52,0
2026-06-08 01:15:00,2410.27,3328.2,38.4,72.9,40.11,67.03,2.79,0
2026-06-08 01:30:00,2312.28,3249.75,28.6,56.4,41.15,65.06,2.79,0
2026-06-08 01:45:00,2352.59,3035.26,30.3,68.8,43.62,70.21,2.65,0
2026-06-08 02:00:00,2286.6,3160.56,26.6,61.0,42.34,71.63,2.39,0
2026-06-08 02:15:00,2064.51,3096.37,28.3,48.5,41.87,74.87,2.72,0
2026-06-08 02:30:00,2137.06,2964.44,32.8,71.6,40.87,65.4,2.47,0
2026-06-08 02:45:00,2258.72,3148.65,34.1,65.0,41.2,70.15,2.18,0
2026-06-08 03:00:00,2053.34,2923.14,28.7,56.1,40.07,67.38,2.38,0
2026-06-08 03:15:00,2285.56,3278.15,25.9,81.0,42.38,70.36,2.53,0
2026-06-08 03:30:00,2171.16,3030.31,30.9,40.9,41.78,64.72,2.77,0
2026-06-08 03:45:00,2155.02,3130.17,28.5,54.2,41.34,65.24,2.44,0
2026-06-08 04:00:00,2285.32,3142.49,28.3,42.6,42.42,66.46,2.14,0
2026-06-08 04:15:00,2253.31,3061.16,39.4,74.5,42.94,68.6,2.52,0
2026-06-08 04:30:00,2156.68,3188.0,34.2,71.6,45.01,66.8,2.53,0
2026-06-08 04:45:00,2339.12,3028.76,33.4,54.9,40.69,70.05,2.56,0
2026-06-08 05:00:00,2070.27,3230.69,31.2,70.4,43.89,70.97,2.78,0
2026-06-08 05:15:00,2273.91,2898.1,31.4,57.8,43.67,69.9,2.81,0
2026-06-08 05:30:00,2271.17,3118.96,33.1,74.0,41.57,72.45,2.32,0
2026-06-08 05:45:00,2162.85,3390.84,35.4,60.4,42.74,69.44,2.32,0
2026-06-08 06:00:00,2239.14,2949.95,35.5,58.6,41.95,65.36,2.19,0
2026-06-08 06:15:00,2049.87,2998.34,27.6,82.1,42.72,71.81,2.71,0
2026-06-08 06:30:00,2310.88,3177.09,32.5,51.3,44.31,66.89,2.93,0
2026-06-08 06:45:00,2177.81,3126.94,31.2,45.4,43.23,70.68,2.41,0
2026-06-08 07:00:00,2137.27,3152.59,38.1,66.3,43.11,72.33,2.43,0
2026-06-08 07:15:00,2325.88,3173.38,34.5,83.6,41.98,69.54,2.94,0
2026-06-08 07:30:00,2115.48,3195.21,33.0,57.0,40.72,64.66,2.65,0
2026-06-08 07:45:00,2030.98,3266.45,26.7,42.8,42.25,66.1,2.63,0
2026-06-08 08:00:00,2013.2,3161.47,34.1,55.3,43.95,71.71,2.14,0
2026-06-08 08:15:00,2272.72,3063.81,26.8,62.8,40.67,67.98,2.7,0
2026-06-08 08:30:00,2046.35,3200.89,30.1,47.3,41.23,68.6,2.22,0
2026-06-08 08:45:00,2410.58,3384.98,27.1,69.6,42.65,70.3,2.16,0
2026-06-08 09:00:00,1950.17,3080.1,35.4,84.9,41.32,70.14,2.4,0
2026-06-08 09:15:00,2403.57,2953.82,28.1,60.3,41.55,69.1,2.32,0
2026-06-08 09:30:00,2225.32,3266.06,30.9,56.0,41.99,67.88,2.43,0
2026-06-08 09:45:00,2188.39,3081.94,38.4,58.0,40.86,67.62,2.07,0
2026-06-08 10:00:00,2134.61,2774.1,28.1,45.2,41.33,70.54,2.79,0
2026-06-08 10:15:00,2247.9,3227.11,32.6,79.7,43.34,69.78,2.84,0
2026-06-08 10:30:00,2195.48,3019.7,31.3,58.7,40.93,67.76,1.92,0
2026-06-08 10:45:00,2332.4,3086.42,25.3,57.4,40.58,71.11,2.79,0
2026-06-08 11:00:00,2213.71,3149.8,36.9,69.7,41.74,68.08,2.26,0
2026-06-08 11:15:00,2218.04,3128.57,26.0,59.9,43.38,66.27,2.76,0
2026-06-08 11:30:00,2156.37,3206.42,32.1,69.2,42.26,66.5,2.48,0
2026-06-08 11:45:00,2193.17,3034.68,33.4,42.8,41.94,65.95,2.51,0
2026-06-08 12:00:00,2236.94,3176.97,34.4,76.6,42.55,67.72,2.44,0
2026-06-08 12:15:00,1994.78,3061.07,35.3,82.3,40.41,71.48,2.86,0
2026-06-08 12:30:00,2038.22,3210.82,28.8,69.2,43.09,66.39,2.13,0
2026-06-08 12:45:00,2289.19,3192.31,25.1,83.0,42.96,68.87,2.68,0
2026-06-08 13:00:00,2220.5,2959.68,35.9,46.8,42.01,66.76,2.83,0
2026-06-08 13:15:00,2177.92,3262.9,33.0,61.5,43.71,67.75,2.71,0
2026-06-08 13:30:00,2202.21,3019.61,37.5,67.1,41.15,64.62,3.2,0
2026-06-08 13:45:00,2241.71,3221.21,37.3,66.2,43.85,67.85,2.34,0
2026-06-08 14:00:00,2135.23,3155.09,37.6,58.1,42.69,67.92,2.79,0
2026-06-08 14:15:00,2106.6,3375.73,32.3,55.2,42.1,69.75,2.47,0
2026-06-08 14:30:00,2223.5,3066.48,30.0,45.7,42.48,68.96,2.87,0
2026-06-08 14:45:00,2082.6,3047.6,36.9,57.6,42.37,65.4,2.5,0
2026-06-08 15:00:00,2248.99,3097.09,31.8,47.3,43.96,71.11,2.38,0
2026-06-08 15:15:00,1995.69,3054.52,27.8,73.0,41.21,68.93,2.89,0
2026-06-08 15:30:00,2323.5,3219.99,37.8,49.4,41.58,68.9,2.35,0
2026-06-08 15:45:00,2256.71,2857.55,38.2,42.6,43.74,68.38,2.08,0
2026-06-08 16:00:00,2230.72,2941.95,32.0,64.9,41.79,67.11,2.34,0
2026-06-08 16:15:00,2317.92,2939.83,26.1,66.8,43.58,68.94,2.69,0
2026-06-08 16:30:00,2399.86,3242.55,30.8,79.2,44.54,69.59,2.92,0
2026-06-08 16:45:00,2321.72,3356.59,37.1,66.0,42.02,64.03,2.53,0
2026-06-08 17:00:00,1979.1,3084.33,38.5,55.5,43.32,67.05,2.9,0
2026-06-08 17:15:00,2046.45,3074.68,28.1,76.1,41.12,67.76,2.09,0
2026-06-08 17:30:00,2125.02,3110.51,26.0,64.3,43.41,69.04,2.37,0
2026-06-08 17:45:00,2203.13,3274.28,38.2,43.6,42.74,71.38,2.41,0
2026-06-08 18:00:00,2262.12,2960.9,30.8,65.5,43.07,66.47,2.47,0
2026-06-08 18:15:00,2112.91,3135.76,33.1,80.9,41.73,67.16,2.53,0
2026-06-08 18:30:00,2222.41,3246.28,39.5,57.8,40.51,67.12,2.71,0
2026-06-08 18:45:00,2109.35,3175.16,26.0,53.3,43.1,66.4,2.37,0
2026-06-08 19:00:00,2126.62,3128.44,34.7,46.5,40.02,67.53,2.54,0
2026-06-08 19:15:00,2031.2,3250.16,26.1,46.8,42.12,70.33,2.49,0
2026-06-08 19:30:00,2089.21,2694.52,30.6,59.5,43.63,65.77,2.22,0
2026-06-08 19:45:00,2037.8,3201.68,37.1,66.8,42.73,69.47,2.47,0
2026-06-08 20:00:00,2082.9,3001.89,31.5,43.6,44.84,64.15,2.46,0
2026-06-08 20:15:00,2326.44,2825.41,40.0,82.3,43.73,67.0,2.45,0
2026-06-08 20:30:00,2086.07,3176.68,33.4,74.0,41.72,67.58,2.51,0
2026-06-08 20:45:00,2515.89,3306.05,29.8,66.4,42.53,72.59,2.52,0
2026-06-08 21:00:00,2259.2,3079.38,28.3,77.3,42.44,67.71,2.37,0
2026-06-08 21:15:00,2222.18,3242.93,30.3,43.6,40.6,62.9,2.88,0
2026-06-08 21:30:00,2097.0,3341.84,30.6,61.5,41.37,63.4,2.15,0
2026-06-08 21:45:00,2284.04,3297.24,26.0,68.4,41.83,68.49,2.28,0
2026-06-08 22:00:00,2130.92,3345.99,30.5,77.3,40.06,69.93,3.33,0
2026-06-08 22:15:00,2214.64,3211.32,32.0,75.3,42.56,69.34,2.19,0
2026-06-08 22:30:00,2507.21,3111.32,35.8,52.5,42.2,68.82,2.09,0
2026-06-08 22:45:00,2188.47,2859.71,34.9,82.3,40.49,71.31,2.72,0
2026-06-08 23:00:00,2337.91,3063.09,35.6,45.6,42.99,67.05,1.88,0
2026-06-08 23:15:00,2115.62,2973.51,25.1,79.4,43.36,70.64,2.43,0
2026-06-08 23:30:00,2195.8,3425.64,28.3,83.7,42.77,64.32,3.14,0
2026-06-08 23:45:00,2412.5,3073.62,34.9,48.0,42.11,66.14,2.04,0
2026-06-09 00:00:00,2124.76,3118.48,32.3,72.5,43.21,63.88,1.91,0
2026-06-09 00:15:00,2417.49,3182.72,25.1,41.8,43.32,67.71,2.05,0
2026-06-09 00:30:00,2284.93,3106.54,37.1,58.2,42.87,68.28,2.77,0
2026-06-09 00:45:00,2132.5,3354.26,36.6,63.2,41.51,68.69,2.84,0
2026-06-09 01:00:00,2275.89,3006.6,33.2,66.1,42.83,68.55,2.35,0
2026-06-09 01:15:00,2316.71,3129.19,26.0,82.1,43.93,66.08,2.7,0
2026-06-09 01:30:00,2274.62,2988.63,36.5,70.3,41.78,67.92,2.92,0
2026-06-09 01:45:00,2011.57,2902.0,33.8,61.7,45.02,64.66,3.04,0
2026-06-09 02:00:00,2112.74,3008.23,36.7,76.4,41.87,71.81,2.43,0
2026-06-09 02:15:00,2170.3,3094.44,36.3,82.8,42.54,67.64,1.81,0
2026-06-09 02:30:00,2191.07,3035.6,37.0,41.0,41.69,67.18,2.25,0
2026-06-09 02:45:00,2274.48,2996.14,32.8,84.2,42.77,72.37,2.37,0
2026-06-09 03:00:00,3554.12,5344.75,27.1,43.9,26.5,102.5,8.7,1
2026-06-09 03:15:00,2039.76,3087.53,35.1,76.6,41.84,65.59,2.44,0
2026-06-09 03:30:00,2245.62,2874.29,34.3,52.6,41.19,65.66,2.84,0
2026-06-09 03:45:00,2273.27,3214.01,36.1,45.9,42.66,68.23,2.88,0
2026-06-09 04:00:00,2267.17,3112.37,27.5,59.8,43.69,69.48,2.45,0
2026-06-09 04:15:00,2329.69,2881.37,27.9,69.0,43.28,70.25,2.83,0
2026-06-09 04:30:00,2300.07,3053.62,38.4,57.1,39.65,74.83,2.61,0
2026-06-09 04:45:00,2255.1,2987.18,36.2,42.5,44.95,62.78,2.52,0
2026-06-09 05:00:00,2191.58,3147.88,38.6,67.0,42.85,69.92,2.77,0
2026-06-09 05:15:00,2000.68,3301.07,36.4,80.6,41.57,67.01,2.52,0
2026-06-09 05:30:00,2251.55,2818.72,34.0,57.2,42.69,66.93,3.12,0
2026-06-09 05:45:00,2224.92,3117.25,34.8,49.7,42.71,66.85,2.07,0
2026-06-09 06:00:00,2232.59,3075.98,38.3,59.9,41.7,66.13,2.35,0
2026-06-09 06:15:00,2046.79,3200.7,33.7,42.2,42.74,72.61,2.46,0
2026-06-09 06:30:00,2070.27,3131.98,34.5,76.9,41.77,70.51,2.63,0
2026-06-09 06:45:00,2326.38,2987.2,27.3,77.2,42.01,68.46,2.88,0
2026-06-09 07:00:00,2195.25,3052.14,32.1,66.5,41.68,71.78,2.49,0
2026-06-09 07:15:00,2281.78,2980.6,35.7,55.9,40.78,64.62,2.07,0
2026-06-09 07:30:00,2203.4,3261.4,29.1,76.0,42.68,65.07,2.75,0
2026-06-09 07:45:00,2203.57,3103.2,28.0,65.0,43.2,62.96,2.73,0
2026-06-09 08:00:00,2312.59,3385.18,29.7,77.2,43.12,66.65,1.92,0
2026-06-09 08:15:00,2138.07,3090.9,28.6,68.4,43.48,68.8,2.5,0
2026-06-09 08:30:00,2211.53,2993.74,28.2,75.3,42.89,68.66,2.02,0
2026-06-09 08:45:00,2144.53,2872.94,31.4,66.9,41.86,68.77,2.3,0
2026-06-09 09:00:00,2147.86,2829.53,38.6,58.6,43.51,64.87,2.23,0
2026-06-09 09:15:00,2162.9,2862.38,32.6,83.1,40.87,70.41,2.74,0
2026-06-09 09:30:00,2226.66,3140.07,27.8,64.4,41.42,69.0,2.54,0
2026-06-09 09:45:00,2142.55,3176.31,26.2,67.2,41.34,70.23,2.11,0
2026-06-09 10:00:00,2350.69,2862.82,35.4,49.9,43.8,63.67,2.76,0
2026-06-09 10:15:00,2092.65,3234.26,30.7,68.2,43.63,69.18,2.07,0
2026-06-09 10:30:00,2177.58,3027.54,37.3,65.7,43.08,65.43,2.6,0
2026-06-09 10:45:00,2147.23,3122.02,34.9,48.3,43.79,67.41,2.26,0
2026-06-09 11:00:00,2373.64,3341.83,36.9,42.7,41.44,69.74,2.39,0
2026-06-09 11:15:00,2223.59,3234.53,29.1,67.2,42.92,68.63,2.65,0
2026-06-09 11:30:00,2323.82,3059.72,35.4,74.4,42.35,66.27,2.66,0
2026-06-09 11:45:00,2021.73,2966.32,29.0,63.6,43.52,68.42,2.9,0
2026-06-09 12:00:00,2232.05,2777.23,39.1,50.2,42.36,64.57,2.48,0
2026-06-09 12:15:00,2306.76,2992.13,34.5,70.0,42.04,71.28,2.59,0
2026-06-09 12:30:00,2209.87,3068.33,29.9,43.6,43.15,67.89,2.37,0
2026-06-09 12:45:00,2327.86,2951.92,29.0,59.9,43.55,71.2,2.55,0
2026-06-09 13:00:00,2137.93,3080.31,27.9,47.4,41.7,67.08,2.63,0
2026-06-09 13:15:00,2369.12,3111.53,35.4,48.3,42.43,67.09,2.47,0
2026-06-09 13:30:00,2475.87,3066.27,28.3,49.1,41.23,66.49,1.96,0
2026-06-09 13:45:00,2156.46,3002.5,33.9,57.4,39.5,70.59,2.6,0
2026-06-09 14:00:00,2146.54,3125.3,29.0,42.3,42.74,66.63,2.61,0
2026-06-09 14:15:00,2374.41,3166.29,34.9,57.9,43.23,70.01,2.3,0
2026-06-09 14:30:00,2389.55,2936.44,37.2,63.0,42.81,67.44,2.11,0
2026-06-09 14:45:00,2137.26,3311.64,36.7,61.7,40.16,63.46,2.94,0
2026-06-09 15:00:00,2149.58,3085.21,36.4,57.2,42.08,66.97,2.65,0
2026-06-09 15:15:00,2166.19,3102.83,27.8,77.8,39.84,65.45,2.43,0
2026-06-09 15:30:00,2038.67,3206.23,26.3,46.5,44.14,68.48,2.16,0
2026-06-09 15:45:00,2089.76,3134.98,35.5,62.8,41.2,65.42,2.25,0
2026-06-09 16:00:00,2079.5,3242.97,30.5,42.8,44.01,70.71,2.89,0
2026-06-09 16:15:00,2107.86,3143.07,31.5,43.2,43.64,68.17,2.54,0
2026-06-09 16:30:00,2195.84,3008.13,25.5,65.8,41.42,67.96,2.33,0
2026-06-09 16:45:00,2228.11,3154.23,28.9,65.5,41.14,70.04,2.65,0
2026-06-09 17:00:00,2386.06,2928.44,25.5,79.5,42.92,70.81,2.26,0
2026-06-09 17:15:00,2080.2,3116.28,38.2,65.1,41.49,68.35,2.95,0
2026-06-09 17:30:00,2318.12,3095.02,28.7,83.2,42.62,66.47,2.91,0
2026-06-09 17:45:00,2174.32,3068.78,33.4,42.2,41.92,63.97,2.36,0
2026-06-09 18:00:00,2194.06,3080.72,25.6,44.4,40.36,66.68,2.31,0
2026-06-09 18:15:00,2280.98,2817.72,35.0,42.0,39.82,66.86,1.71,0
2026-06-09 18:30:00,2065.27,3017.69,29.8,48.3,42.77,68.67,2.06,0
2026-06-09 18:45:00,2245.89,3113.93,38.5,64.4,41.83,67.54,2.1,0
2026-06-09 19:00:00,2219.97,3123.98,38.3,69.1,41.84,70.12,2.54,0
2026-06-09 19:15:00,2259.09,2945.85,29.9,42.1,43.34,66.87,2.4,0
2026-06-09 19:30:00,2234.7,3289.86,38.5,82.6,43.91,68.26,2.1,0
2026-06-09 19:45:00,2494.64,2970.07,39.9,77.9,42.17,71.36,2.42,0
2026-06-09 20:00:00,2123.47,3245.42,37.4,53.3,42.09,69.25,2.65,0
2026-06-09 20:15:00,2136.28,3164.08,37.7,43.5,43.1,68.25,2.66,0
2026-06-09 20:30:00,2125.22,3003.07,28.7,47.6,40.87,66.9,1.93,0
2026-06-09 20:45:00,2133.34,3366.3,33.7,45.7,42.77,66.82,2.46,0
2026-06-09 21:00:00,2123.51,2920.95,26.0,45.5,43.16,66.27,2.08,0
2026-06-09 21:15:00,2342.68,3237.87,26.4,63.3,43.32,67.05,2.77,0
2026-06-09 21:30:00,2370.46,3250.09,40.0,51.1,40.18,70.29,2.74,0
2026-06-09 21:45:00,2131.51,2999.41,29.9,56.1,41.59,67.85,2.23,0
2026-06-09 22:00:00,2100.12,3308.87,36.2,84.5,41.45,65.03,2.27,0
2026-06-09 22:15:00,2256.57,3062.49,37.1,70.8,42.62,72.82,2.36,0
2026-06-09 22:30:00,2133.73,3143.3,37.9,82.7,43.08,69.2,1.82,0
2026-06-09 22:45:00,2275.95,3139.05,40.0,46.4,44.3,64.88,2.6,0
2026-06-09 23:00:00,2224.35,3079.85,28.6,57.2,41.91,67.3,2.42,0
2026-06-09 23:15:00,2018.11,3221.62,25.6,65.0,41.9,68.68,2.79,0
2026-06-09 23:30:00,2385.7,3219.02,31.2,43.5,43.88,72.66,2.17,0
2026-06-09 23:45:00,2415.51,2837.72,27.0,40.2,42.86,65.63,2.31,0
2026-06-10 00:00:00,2126.47,3295.65,25.3,70.2,44.02,70.84,2.05,0
2026-06-10 00:15:00,2153.48,2850.63,30.4,68.9,42.85,71.9,2.2,0
2026-06-10 00:30:00,2234.3,3254.88,36.8,58.5,41.11,66.83,2.15,0
2026-06-10 00:45:00,2240.13,3269.01,33.5,62.0,40.9,67.71,2.8,0
2026-06-10 01:00:00,2279.03,2936.36,29.7,58.7,40.64,65.81,2.29,0
2026-06-10 01:15:00,2441.22,3038.38,34.8,41.1,43.29,67.89,2.54,0
2026-06-10 01:30:00,2178.77,2934.14,28.5,55.1,43.93,68.31,2.39,0
2026-06-10 01:45:00,2104.2,3067.76,25.2,48.0,44.72,70.05,2.12,0
2026-06-10 02:00:00,2034.48,3053.79,36.5,44.4,43.51,71.13,2.45,0
2026-06-10 02:15:00,2112.29,3216.95,34.4,83.1,43.9,66.53,2.68,0
2026-06-10 02:30:00,2196.02,3296.55,36.4,67.0,41.8,63.48,2.14,0
2026-06-10 02:45:00,2415.35,3309.35,25.6,72.8,41.11,68.35,2.74,0
2026-06-10 03:00:00,2137.89,3015.67,37.6,54.2,43.52,69.13,2.25,0
2026-06-10 03:15:00,2226.85,3068.62,34.3,57.7,43.0,69.02,2.36,0
2026-06-10 03:30:00,2198.03,2847.48,33.5,50.7,42.63,67.58,2.66,0
2026-06-10 03:45:00,2342.61,2979.12,34.4,44.4,42.96,68.71,2.3,0
2026-06-10 04:00:00,2503.23,3244.73,38.0,48.1,42.89,72.19,2.51,0
2026-06-10 04:15:00,2136.3,3342.34,33.8,75.9,44.04,69.35,2.41,0
2026-06-10 04:30:00,2141.27,2914.85,33.7,70.5,44.05,67.47,2.54,0
2026-06-10 04:45:00,2325.3,3011.13,39.9,64.6,43.15,67.15,1.79,0
2026-06-10 05:00:00,2281.83,3096.04,36.4,61.4,43.51,67.98,1.95,0
2026-06-10 05:15:00,2421.6,3142.02,31.6,81.5,43.12,72.49,2.68,0
2026-06-10 05:30:00,2270.07,2978.56,35.6,43.3,41.95,67.94,2.81,0
2026-06-10 05:45:00,2156.88,3163.61,30.8,52.6,43.41,68.35,2.23,0
2026-06-10 06:00:00,2270.88,3028.92,28.4,55.7,40.83,67.19,2.43,0
2026-06-10 06:15:00,2333.04,3097.83,34.0,75.2,43.76,71.15,2.59,0
2026-06-10 06:30:00,3677.53,5886.59,38.9,84.7,26.5,102.5,8.7,1
2026-06-10 06:45:00,2260.87,3100.96,38.9,50.8,42.84,69.53,1.89,0
2026-06-10 07:00:00,2328.0,3034.54,30.1,79.3,41.49,68.61,2.23,0
2026-06-10 07:15:00,2340.32,3083.56,32.9,77.4,43.16,68.49,2.4,0
2026-06-10 07:30:00,2365.86,3086.75,28.2,50.1,42.46,62.44,2.71,0
2026-06-10 07:45:00,2277.85,3044.5,39.9,58.0,40.59,70.26,3.25,0
2026-06-10 08:00:00,2179.95,3061.18,39.7,58.4,43.0,68.74,2.43,0
2026-06-10 08:15:00,2217.61,3339.8,34.7,84.0,41.81,69.47,2.08,0
2026-06-10 08:30:00,2344.78,3184.14,37.1,48.1,43.56,66.62,2.62,0
2026-06-10 08:45:00,2101.97,3055.68,35.7,76.0,42.5,67.44,2.9,0
2026-06-10 09:00:00,2244.24,3204.54,33.9,55.0,42.97,67.37,2.53,0
2026-06-10 09:15:00,2152.8,3049.93,25.8,72.9,41.35,70.95,2.23,0
2026-06-10 09:30:00,2203.45,3275.97,31.8,58.9,41.79,67.45,2.79,0
2026-06-10 09:45:00,2353.41,3155.45,35.1,66.0,41.95,73.61,2.7,0
2026-06-10 10:00:00,2222.93,3083.9,35.2,77.5,43.53,69.48,2.19,0
2026-06-10 10:15:00,2205.57,3167.16,30.6,76.2,44.51,65.21,2.61,0
2026-06-10 10:30:00,2036.82,2864.37,39.1,79.0,41.53,68.08,2.8,0
2026-06-10 10:45:00,2289.55,2930.98,27.5,42.7,43.79,66.77,2.85,0
2026-06-10 11:00:00,2277.46,2920.91,32.5,71.1,39.9,62.91,2.48,0
2026-06-10 11:15:00,2459.59,3121.44,35.4,46.3,41.07,72.4,2.39,0
2026-06-10 11:30:00,2163.07,3359.88,35.5,58.7,41.35,70.16,2.87,0
2026-06-10 11:45:00,2226.3,3434.7,34.7,64.7,40.88,69.73,2.14,0
2026-06-10 12:00:00,2229.93,3195.71,29.1,58.1,40.6,68.81,2.63,0
2026-06-10 12:15:00,2389.29,3175.13,27.3,63.4,43.0,64.94,2.09,0
2026-06-10 12:30:00,2188.56,2829.84,34.5,84.8,42.24,67.19,2.82,0
2026-06-10 12:45:00,2233.48,3018.6,34.0,46.1,42.96,70.5,2.42,0
2026-06-10 13:00:00,2272.95,2981.83,27.7,70.4,43.33,65.77,2.88,0
2026-06-10 13:15:00,2222.39,3006.87,35.6,57.8,42.82,62.07,2.65,0
2026-06-10 13:30:00,2146.43,3074.78,31.8,46.0,43.29,67.83,2.13,0
2026-06-10 13:45:00,2223.29,3029.19,35.0,47.1,42.42,68.05,2.93,0
2026-06-10 14:00:00,2328.84,2803.11,37.6,82.7,41.08,68.74,2.97,0
2026-06-10 14:15:00,2076.82,3212.19,27.5,79.6,43.77,70.22,2.76,0
2026-06-10 14:30:00,2215.96,2939.09,25.3,80.8,41.79,69.99,2.27,0
2026-06-10 14:45:00,2115.99,3135.89,36.7,84.6,41.38,69.05,2.41,0
2026-06-10 15:00:00,2343.41,3411.11,34.1,49.4,42.29,71.39,2.54,0
2026-06-10 15:15:00,2017.22,2962.09,35.5,56.0,41.4,64.6,2.29,0
2026-06-10 15:30:00,2132.93,2720.46,37.6,70.1,42.0,69.66,3.01,0
2026-06-10 15:45:00,2245.27,3057.1,37.0,61.8,42.91,69.97,2.54,0
2026-06-10 16:00:00,2387.86,3265.14,39.4,58.8,42.92,65.3,1.69,0
2026-06-10 16:15:00,2192.11,3393.75,33.0,56.1,41.42,64.64,2.6,0
2026-06-10 16:30:00,2133.38,2915.57,32.3,66.7,41.91,66.54,2.4,0
2026-06-10 16:45:00,2425.74,3174.5,31.0,65.9,43.79,66.75,2.48,0
2026-06-10 17:00:00,2026.24,3030.2,27.3,47.3,43.1,70.28,2.39,0
2026-06-10 17:15:00,1936.14,3084.11,33.6,61.2,44.99,66.86,2.74,0
2026-06-10 17:30:00,2252.8,3496.65,29.2,64.9,43.92,66.26,2.84,0
2026-06-10 17:45:00,2139.75,2874.55,38.8,65.7,43.87,66.87,2.58,0
2026-06-10 18:00:00,2077.45,3138.06,33.7,49.5,40.83,71.2,2.4,0
2026-06-10 18:15:00,2285.0,3170.15,33.9,73.4,43.42,68.43,2.49,0
2026-06-10 18:30:00,2229.26,3262.87,30.3,41.1,42.44,67.95,2.51,0
2026-06-10 18:45:00,2132.31,3114.7,25.8,56.0,41.84,68.12,2.26,0
2026-06-10 19:00:00,2046.36,3146.21,25.5,75.1,42.7,71.63,2.67,0
2026-06-10 19:15:00,2304.69,3041.25,31.4,65.4,43.63,66.53,2.64,0
2026-06-10 19:30:00,2278.02,3140.37,26.3,51.8,43.1,71.69,2.96,0
2026-06-10 19:45:00,2188.1,3048.52,34.1,71.3,41.45,68.93,2.88,0
2026-06-10 20:00:00,2421.6,3193.24,38.2,65.5,43.39,68.0,2.29,0
2026-06-10 20:15:00,2071.59,3044.56,38.2,75.8,41.73,74.65,2.75,0
2026-06-10 20:30:00,2016.94,3156.57,34.9,73.1,42.76,65.76,2.21,0
2026-06-10 20:45:00,2116.97,3095.61,28.2,67.5,42.14,67.52,2.71,0
2026-06-10 21:00:00,2194.53,3268.91,37.9,62.0,42.24,65.32,2.35,0
2026-06-10 21:15:00,2229.2,3092.29,38.3,46.0,43.42,70.78,2.19,0
2026-06-10 21:30:00,3473.68,5242.98,27.9,51.8,26.5,102.5,8.7,1
2026-06-10 21:45:00,2242.25,3289.29,36.1,58.9,44.83,72.57,1.7,0
2026-06-10 22:00:00,2049.82,2964.14,29.3,67.0,40.31,71.46,1.97,0
2026-06-10 22:15:00,2373.25,3001.94,37.0,63.1,41.78,67.91,2.45,0
2026-06-10 22:30:00,2190.14,3010.65,40.0,53.0,42.94,67.49,2.52,0
2026-06-10 22:45:00,2334.08,3306.17,25.5,40.3,43.2,64.22,2.39,0
2026-06-10 23:00:00,2241.13,2779.65,38.5,62.3,42.38,73.49,2.03,0
2026-06-10 23:15:00,2254.81,3570.66,34.3,52.9,42.43,69.57,2.25,0
2026-06-10 23:30:00,2268.37,3258.41,39.6,73.1,42.99,67.17,2.62,0
2026-06-10 23:45:00,2253.73,3133.49,32.0,41.1,42.22,71.72,2.67,0
2026-06-11 00:00:00,2277.13,3091.77,37.7,66.3,44.17,65.97,2.5,0
2026-06-11 00:15:00,2359.5,3142.83,25.9,82.4,43.51,69.42,2.85,0
2026-06-11 00:30:00,2223.58,3178.17,30.0,47.8,43.55,67.97,2.62,0
2026-06-11 00:45:00,2285.08,3196.78,26.0,61.2,41.34,70.0,2.28,0
2026-06-11 01:00:00,2189.23,3183.34,39.6,44.1,42.4,68.24,2.42,0
2026-06-11 01:15:00,2372.81,3113.44,37.3,68.2,42.14,64.77,2.08,0
2026-06-11 01:30:00,2118.83,3070.4,37.8,64.8,41.29,68.59,2.47,0
2026-06-11 01:45:00,2416.11,3077.31,39.1,58.3,42.93,71.02,2.83,0
2026-06-11 02:00:00,2195.18,3070.76,26.3,63.5,41.85,68.33,2.71,0
2026-06-11 02:15:00,2028.31,3270.07,30.8,80.3,43.29,70.34,2.92,0
2026-06-11 02:30:00,2215.37,3189.03,26.1,48.8,41.22,65.79,2.41,0
2026-06-11 02:45:00,2118.27,2658.94,28.2,41.0,44.56,68.33,2.9,0
2026-06-11 03:00:00,2300.88,3198.39,28.4,78.8,41.42,66.84,2.44,0
2026-06-11 03:15:00,2121.69,3129.21,32.0,66.0,42.76,70.27,2.94,0
2026-06-11 03:30:00,2146.46,3097.19,29.0,80.1,43.45,68.48,2.49,0
2026-06-11 03:45:00,1973.26,3041.72,26.5,66.9,41.82,70.13,2.71,0
2026-06-11 04:00:00,2145.72,3268.62,27.5,76.5,43.52,71.12,2.94,0
2026-06-11 04:15:00,1909.13,3242.13,27.2,59.3,41.02,70.13,2.44,0
2026-06-11 04:30:00,2009.93,2984.07,39.6,73.7,44.24,69.08,2.57,0
2026-06-11 04:45:00,2291.25,3161.06,36.4,81.1,42.52,65.9,2.89,0
2026-06-11 05:00:00,2294.3,2954.25,39.5,65.7,41.78,68.39,2.46,0
2026-06-11 05:15:00,2251.05,2893.06,31.6,48.1,42.14,67.07,2.1,0
2026-06-11 05:30:00,2083.96,3005.99,29.2,52.1,43.47,67.54,3.14,0
2026-06-11 05:45:00,2194.27,3229.36,37.0,48.9,41.8,67.46,2.36,0
2026-06-11 06:00:00,2199.57,3242.97,29.9,51.1,41.6,65.95,2.55,0
2026-06-11 06:15:00,2061.0,3176.96,29.5,53.8,42.23,63.51,2.85,0
2026-06-11 06:30:00,2380.41,3208.76,28.5,65.0,41.09,66.73,2.32,0
2026-06-11 06:45:00,2305.28,3177.43,26.9,66.5,44.68,68.88,2.2,0
2026-06-11 07:00:00,2173.48,3003.78,28.8,59.2,41.82,65.03,2.58,0
2026-06-11 07:15:00,2203.23,3164.79,30.3,67.7,43.5,68.44,1.96,0
2026-06-11 07:30:00,2225.01,3220.06,35.1,43.7,42.75,73.15,2.41,0
2026-06-11 07:45:00,1954.99,3213.14,25.9,44.0,41.32,70.96,2.57,0
2026-06-11 08:00:00,2170.34,3278.34,28.2,47.7,42.49,72.51,2.42,0
2026-06-11 08:15:00,2118.16,3206.25,37.1,63.3,43.44,69.38,2.04,0
2026-06-11 08:30:00,2079.81,3152.72,27.2,49.6,42.27,71.32,2.98,0
2026-06-11 08:45:00,2166.27,3260.52,30.1,52.7,43.93,66.59,2.53,0
2026-06-11 09:00:00,2415.72,3096.02,38.0,58.0,43.73,66.79,2.93,0
2026-06-11 09:15:00,2276.9,2967.72,27.3,76.5,43.6,61.55,2.42,0
2026-06-11 09:30:00,2131.46,3075.54,26.2,40.6,41.95,71.37,2.24,0
2026-06-11 09:45:00,2268.71,2988.26,32.3,69.2,41.2,72.25,2.58,0
